midge_id,genome_copies,strain,dpi,log_copies,is_detectable
1-NC 0dpi 1,0.0,NC,0,0.0,0
1-NC 0dpi 2,0.0,NC,0,0.0,0
1-NC 0dpi 3,0.0,NC,0,0.0,0
1-NC 0dpi 4,0.0,NC,0,0.0,0
1-NC 0dpi 5,0.0,NC,0,0.0,0
1-NC 0dpi 6,0.0,NC,0,0.0,0
1-NC 0dpi 7,0.0,NC,0,0.0,0
1-NC 0dpi 8,0.0,NC,0,0.0,0
1-NC 0dpi 9,0.0,NC,0,0.0,0
1-NC 0dpi 10,0.0,NC,0,0.0,0
1-NC 0dpi 11,0.0,NC,0,0.0,0
1-NC 0dpi 12,0.0,NC,0,0.0,0
1-NC 0dpi 13,0.0,NC,0,0.0,0
1-NC 0dpi 14,0.0,NC,0,0.0,0
1-NC 0dpi 15,0.0,NC,0,0.0,0
1-NC 0dpi 16,0.0,NC,0,0.0,0
1-BTV3 0dpi 1,19400.0,BTV3,0,9.873079890114703,1
1-BTV3 0dpi 2,25100.0,BTV3,0,10.130662964963708,1
1-BTV3 0dpi 3,28300.0,BTV3,0,10.250652418696085,1
1-BTV3 0dpi 4,19000.0,BTV3,0,9.852246888342531,1
1-BTV3 0dpi 5,59000.0,BTV3,0,10.985309671896763,1
1-BTV3 0dpi 6,18200.0,BTV3,0,9.809231816610408,1
1-BTV3 0dpi 7,17300.0,BTV3,0,9.758519582283522,1
1-BTV3 0dpi 8,44000.0,BTV3,0,10.691967639914864,1
1-BTV3 0dpi 9,29400.0,BTV3,0,10.288783966353765,1
1-BTV3 0dpi 10,26700.0,BTV3,0,10.192456296870509,1
1-BTV3 0dpi 11,38200.0,BTV3,0,10.5506169722625,1
1-BTV3 0dpi 12,39700.0,BTV3,0,10.589131655274922,1
1-BTV3 0dpi 13,44000.0,BTV3,0,10.691967639914864,1
1-BTV3 0dpi 14,15500.0,BTV3,0,9.648659816955295,1
1-BTV3 0dpi 15,22200.0,BTV3,0,10.007892611890918,1
1-BTV3 0dpi 16,28900.0,BTV3,0,10.27163147557801,1
1-BTV8 0dpi 1,132000.0,BTV8,0,11.790564777297387,1
1-BTV8 0dpi 2,199000.0,BTV8,0,12.201065128819632,1
1-BTV8 0dpi 3,104000.0,BTV8,0,11.552155793461898,1
1-BTV8 0dpi 4,182000.0,BTV8,0,12.111767460549332,1
1-BTV8 0dpi 5,118000.0,BTV8,0,11.678448377988165,1
1-BTV8 0dpi 6,46300.0,BTV8,0,10.742918838113225,1
1-BTV8 0dpi 7,205000.0,BTV8,0,12.230770136157428,1
1-BTV8 0dpi 8,169000.0,BTV8,0,12.037659911047468,1
1-BTV8 0dpi 9,182000.0,BTV8,0,12.111767460549332,1
1-BTV8 0dpi 10,313000.0,BTV8,0,12.653961664405365,1
1-BTV8 0dpi 11,107000.0,BTV8,0,11.580593459194764,1
1-BTV8 0dpi 12,233000.0,BTV8,0,12.358798024384122,1
1-BTV8 0dpi 13,145000.0,BTV8,0,11.884495917930655,1
1-BTV8 0dpi 14,130000.0,BTV8,0,11.775297421715827,1
1-BTV8 0dpi 15,126000.0,BTV8,0,11.744045122410057,1
1-BTV8 0dpi 16,120000.0,BTV8,0,11.695255355062795,1
1-NC 6dpi 1 ,0.0,NC,6,0.0,0
1-NC 6dpi 2,0.0,NC,6,0.0,0
1-NC 6dpi 3,0.0,NC,6,0.0,0
1-NC 6dpi 4,0.0,NC,6,0.0,0
1-NC 6dpi 5,0.0,NC,6,0.0,0
1-NC 6dpi 6,0.0,NC,6,0.0,0
1-NC 6dpi 7,0.0,NC,6,0.0,0
1-NC 6dpi 8,0.0,NC,6,0.0,0
1-NC 6dpi 9,0.0,NC,6,0.0,0
1-NC 6dpi 10,0.0,NC,6,0.0,0
1-NC 6dpi 11,0.0,NC,6,0.0,0
1-NC 6dpi 12,0.0,NC,6,0.0,0
1-NC 6dpi 13,0.0,NC,6,0.0,0
1-NC 6dpi 14,0.0,NC,6,0.0,0
1-NC 6dpi 15,0.0,NC,6,0.0,0
1-NC 6dpi 16,0.0,NC,6,0.0,0
1-BTV3 6dpi 1,0.0,BTV3,6,0.0,0
1-BTV3 6dpi 2,0.0,BTV3,6,0.0,0
1-BTV3 6dpi 3,0.0,BTV3,6,0.0,0
1-BTV3 6dpi 4,63.6,BTV3,6,4.168214410788556,1
1-BTV3 6dpi 5,194.0,BTV3,6,5.272999558563747,1
1-BTV3 6dpi 6,0.0,BTV3,6,0.0,0
1-BTV3 6dpi 7,84.3,BTV3,6,4.446174454497633,1
1-BTV3 6dpi 8,0.0,BTV3,6,0.0,0
1-BTV3 6dpi 9,0.0,BTV3,6,0.0,0
1-BTV3 6dpi 10,0.0,BTV3,6,0.0,0
1-BTV3 6dpi 11,0.0,BTV3,6,0.0,0
1-BTV3 6dpi 12,219000000.0,BTV3,6,19.204582292346984,1
1-BTV3 6dpi 13,0.0,BTV3,6,0.0,0
1-BTV3 6dpi 14,0.0,BTV3,6,0.0,0
1-BTV3 6dpi 15,0.0,BTV3,6,0.0,0
1-BTV3 6dpi 16,0.0,BTV3,6,0.0,0
1-BTV3 6dpi 17,0.0,BTV3,6,0.0,0
1-BTV3 6dpi 18,85600000.0,BTV3,6,18.265195852794214,1
1-BTV3 6dpi 19,0.0,BTV3,6,0.0,0
1-BTV3 6dpi 20,0.0,BTV3,6,0.0,0
1-BTV3 6dpi 21,94.7,BTV3,6,4.5612182984589085,1
1-BTV3 6dpi 22,0.0,BTV3,6,0.0,0
1-BTV3 6dpi 23,0.0,BTV3,6,0.0,0
1-BTV3 6dpi 24,258.0,BTV3,6,5.556828061699537,1
1-BTV3 6dpi 25,0.0,BTV3,6,0.0,0
1-BTV3 6dpi 26,135000000.0,BTV3,6,18.72078534381011,1
1-BTV3 6dpi 27,0.0,BTV3,6,0.0,0
1-BTV3 6dpi 28,0.0,BTV3,6,0.0,0
1-BTV3 6dpi 29,0.0,BTV3,6,0.0,0
1-BTV3 6dpi 30,237.0,BTV3,6,5.472270673671475,1
1-BTV3 6dpi 31,250.0,BTV3,6,5.5254529391317835,1
1-BTV3 6dpi 32,0.0,BTV3,6,0.0,0
1-BTV3 6dpi 33,0.0,BTV3,6,0.0,0
1-BTV3 6dpi 34,0.0,BTV3,6,0.0,0
1-BTV3 6dpi 35,95.4,BTV3,6,4.5685062016165,1
1-BTV3 6dpi 36,0.0,BTV3,6,0.0,0
1-BTV3 6dpi 37,3190.0,BTV3,6,8.068089626278244,1
1-BTV3 6dpi 38,0.0,BTV3,6,0.0,0
1-BTV3 6dpi 39,0.0,BTV3,6,0.0,0
1-BTV3 6dpi 40,120.0,BTV3,6,4.795790545596741,1
1-BTV3 6dpi 41,0.0,BTV3,6,0.0,0
1-BTV3 6dpi 42,0.0,BTV3,6,0.0,0
1-BTV3 6dpi 43,24100.0,BTV3,6,10.090008612393838,1
1-BTV3 6dpi 44,1500.0,BTV3,6,7.313886831633462,1
1-BTV3 6dpi 45,130.0,BTV3,6,4.875197323201151,1
1-BTV3 6dpi 46,0.0,BTV3,6,0.0,0
1-BTV3 6dpi 47,0.0,BTV3,6,0.0,0
1-BTV3 6dpi 48,0.0,BTV3,6,0.0,0
1-BTV3 6dpi 49,0.0,BTV3,6,0.0,0
1-BTV3 6dpi 50,0.0,BTV3,6,0.0,0
1-BTV3 6dpi 51,0.0,BTV3,6,0.0,0
1-BTV3 6dpi 52,0.0,BTV3,6,0.0,0
1-BTV3 6dpi 53,0.0,BTV3,6,0.0,0
1-BTV3 6dpi 54,0.0,BTV3,6,0.0,0
1-BTV3 6dpi 55,0.0,BTV3,6,0.0,0
1-BTV3 6dpi 56,85.5,BTV3,6,4.460144413937834,1
1-BTV3 6dpi 57,0.0,BTV3,6,0.0,0
1-BTV3 6dpi 58,0.0,BTV3,6,0.0,0
1-BTV3 6dpi 59,0.0,BTV3,6,0.0,0
1-BTV3 6dpi 60,280.0,BTV3,6,5.638354669333745,1
1-BTV3 6dpi 61,0.0,BTV3,6,0.0,0
1-BTV3 6dpi 62,0.0,BTV3,6,0.0,0
1-BTV3 6dpi 63,0.0,BTV3,6,0.0,0
1-BTV3 6dpi 64,0.0,BTV3,6,0.0,0
1-BTV3 6dpi 65,115.0,BTV3,6,4.7535901911063645,1
1-BTV3 6dpi 66,0.0,BTV3,6,0.0,0
1-BTV3 6dpi 67,0.0,BTV3,6,0.0,0
1-BTV3 6dpi 68,136.0,BTV3,6,4.919980925828125,1
1-BTV3 6dpi 69,0.0,BTV3,6,0.0,0
1-BTV3 6dpi 70,0.0,BTV3,6,0.0,0
1-BTV3 6dpi 71,0.0,BTV3,6,0.0,0
1-BTV3 6dpi 72,0.0,BTV3,6,0.0,0
1-BTV3 6dpi 73,0.0,BTV3,6,0.0,0
1-BTV3 6dpi 74,0.0,BTV3,6,0.0,0
1-BTV3 6dpi 75,0.0,BTV3,6,0.0,0
1-BTV3 6dpi 76,0.0,BTV3,6,0.0,0
1-BTV3 6dpi 77,0.0,BTV3,6,0.0,0
1-BTV3 6dpi 78,0.0,BTV3,6,0.0,0
1-BTV3 6dpi 79,48.9,BTV3,6,3.910021002757473,1
1-BTV3 6dpi 80,0.0,BTV3,6,0.0,0
1-BTV3 6dpi 81,337000000.0,BTV3,6,19.635593491283995,1
1-BTV3 6dpi 82,0.0,BTV3,6,0.0,0
1-BTV3 6dpi 83,74.2,BTV3,6,4.320151230955794,1
1-BTV3 6dpi 84,0.0,BTV3,6,0.0,0
1-BTV3 6dpi 85,0.0,BTV3,6,0.0,0
1-BTV3 6dpi 86,0.0,BTV3,6,0.0,0
1-BTV3 6dpi 87,0.0,BTV3,6,0.0,0
1-BTV3 6dpi 88,0.0,BTV3,6,0.0,0
1-BTV3 6dpi 89,0.0,BTV3,6,0.0,0
1-BTV3 6dpi 90,0.0,BTV3,6,0.0,0
1-BTV3 6dpi 91,0.0,BTV3,6,0.0,0
1-BTV3 6dpi 92,0.0,BTV3,6,0.0,0
1-BTV3 6dpi 93,0.0,BTV3,6,0.0,0
1-BTV3 6dpi 94,370000000.0,BTV3,6,19.729013566305248,1
1-BTV3 6dpi 95,0.0,BTV3,6,0.0,0
1-BTV3 6dpi 96,0.0,BTV3,6,0.0,0
1-BTV3 6dpi 97,0.0,BTV3,6,0.0,0
1-BTV3 6dpi 98,0.0,BTV3,6,0.0,0
1-BTV3 6dpi 99,0.0,BTV3,6,0.0,0
1-BTV3 6dpi 100,21100000.0,BTV3,6,16.86478364583966,1
1-BTV3 6dpi 101,110000000.0,BTV3,6,18.5159909328476,1
1-BTV3 6dpi 102,0.0,BTV3,6,0.0,0
1-BTV3 6dpi 103,0.0,BTV3,6,0.0,0
1-BTV3 6dpi 104,736.0,BTV3,6,6.602587892189336,1
1-BTV3 6dpi 105,47000000.0,BTV3,6,17.665658180950928,1
1-BTV3 6dpi 106,50.5,BTV3,6,3.9415818076696905,1
1-BTV3 6dpi 107,0.0,BTV3,6,0.0,0
1-BTV3 6dpi 108,0.0,BTV3,6,0.0,0
1-BTV3 6dpi 109,0.0,BTV3,6,0.0,0
1-BTV3 6dpi 110,0.0,BTV3,6,0.0,0
1-BTV3 6dpi 111,0.0,BTV3,6,0.0,0
1-BTV3 6dpi 112,0.0,BTV3,6,0.0,0
1-BTV3 6dpi 113,52.7,BTV3,6,3.983413001514819,1
1-BTV3 6dpi 114,0.0,BTV3,6,0.0,0
1-BTV3 6dpi 115,0.0,BTV3,6,0.0,0
1-BTV3 6dpi 116,0.0,BTV3,6,0.0,0
1-BTV3 6dpi 117,351000000.0,BTV3,6,19.676296784279142,1
1-BTV3 6dpi 118,272000000.0,BTV3,6,19.421312627936743,1
1-BTV3 6dpi 119,0.0,BTV3,6,0.0,0
1-BTV3 6dpi 120,61.4,BTV3,6,4.133565275375382,1
1-BTV3 6dpi 121,510.0,BTV3,6,6.236369590203704,1
1-BTV3 6dpi 122,119.0,BTV3,6,4.787491742782046,1
1-BTV3 6dpi 123,0.0,BTV3,6,0.0,0
1-BTV3 6dpi 124,0.0,BTV3,6,0.0,0
1-BTV3 6dpi 125,0.0,BTV3,6,0.0,0
1-BTV3 6dpi 126,329.0,BTV3,6,5.799092654460526,1
1-BTV3 6dpi 127,0.0,BTV3,6,0.0,0
1-BTV3 6dpi 128,0.0,BTV3,6,0.0,0
1-BTV3 6dpi 129,0.0,BTV3,6,0.0,0
1-BTV3 6dpi 130,132.0,BTV3,6,4.890349128221754,1
1-BTV3 6dpi 131,665.0,BTV3,6,6.501289670540389,1
1-BTV3 6dpi 132,0.0,BTV3,6,0.0,0
1-BTV3 6dpi 133,0.0,BTV3,6,0.0,0
1-BTV3 6dpi 134,0.0,BTV3,6,0.0,0
1-BTV3 6dpi 135,68.5,BTV3,6,4.241326752570746,1
1-BTV3 6dpi 136,0.0,BTV3,6,0.0,0
1-BTV3 6dpi 137,71.2,BTV3,6,4.279440045898781,1
1-BTV3 6dpi 138,327000000.0,BTV3,6,19.60547073191963,1
1-BTV3 6dpi 139,66.6,BTV3,6,4.213607983048918,1
1-BTV3 6dpi 140,0.0,BTV3,6,0.0,0
1-BTV3 6dpi 141,62.4,BTV3,6,4.14946386144318,1
1-BTV3 6dpi 142,0.0,BTV3,6,0.0,0
1-BTV3 6dpi 143,0.0,BTV3,6,0.0,0
1-BTV3 6dpi 144,73.5,BTV3,6,4.310799125385514,1
1-BTV3 6dpi 145,0.0,BTV3,6,0.0,0
1-BTV3 6dpi 146,336000000.0,BTV3,6,19.632621720903668,1
1-BTV3 6dpi 147,49.6,BTV3,6,3.92395157629342,1
1-BTV3 6dpi 148,0.0,BTV3,6,0.0,0
1-BTV3 6dpi 149,112.0,BTV3,6,4.727387818712341,1
1-BTV3 6dpi 150,39800.0,BTV3,6,10.591647316585027,1
1-BTV3 6dpi 151,250000000.0,BTV3,6,19.33697147982652,1
1-BTV3 6dpi 152,0.0,BTV3,6,0.0,0
1-BTV3 6dpi 153,96.6,BTV3,6,4.580877493419047,1
1-BTV3 6dpi 154,0.0,BTV3,6,0.0,0
1-BTV3 6dpi 155,0.0,BTV3,6,0.0,0
1-BTV3 6dpi 156,56600000.0,BTV3,6,17.851519560841254,1
1-BTV3 6dpi 157,0.0,BTV3,6,0.0,0
1-BTV3 6dpi 158,0.0,BTV3,6,0.0,0
1-BTV3 6dpi 159,62.8,BTV3,6,4.155753190350744,1
1-BTV3 6dpi 160,0.0,BTV3,6,0.0,0
1-BTV3 6dpi 161,0.0,BTV3,6,0.0,0
1-BTV3 6dpi 162,0.0,BTV3,6,0.0,0
1-BTV3 6dpi 163,0.0,BTV3,6,0.0,0
1-BTV3 6dpi 164,0.0,BTV3,6,0.0,0
1-BTV3 6dpi 165,112.0,BTV3,6,4.727387818712341,1
1-BTV3 6dpi 166,0.0,BTV3,6,0.0,0
1-BTV3 6dpi 167,0.0,BTV3,6,0.0,0
1-BTV3 6dpi 168,38.0,BTV3,6,3.6635616461296463,1
1-BTV3 6dpi 169,0.0,BTV3,6,0.0,0
1-BTV3 6dpi 170,0.0,BTV3,6,0.0,0
1-BTV3 6dpi 171,0.0,BTV3,6,0.0,0
1-BTV3 6dpi 172,207.0,BTV3,6,5.337538079701318,1
1-BTV3 6dpi 173,0.0,BTV3,6,0.0,0
1-BTV3 6dpi 174,0.0,BTV3,6,0.0,0
1-BTV3 6dpi 175,390.0,BTV3,6,5.968707559985366,1
1-BTV3 6dpi 176,0.0,BTV3,6,0.0,0
1-BTV3 6dpi 177,0.0,BTV3,6,0.0,0
1-BTV3 6dpi 178,0.0,BTV3,6,0.0,0
1-BTV3 6dpi 179,0.0,BTV3,6,0.0,0
1-BTV3 6dpi 180,0.0,BTV3,6,0.0,0
1-BTV3 6dpi 181,106.0,BTV3,6,4.672828834461906,1
1-BTV3 6dpi 182,0.0,BTV3,6,0.0,0
1-BTV3 6dpi 183,496.0,BTV3,6,6.208590026096629,1
1-BTV3 6dpi 184,0.0,BTV3,6,0.0,0
1-BTV3 6dpi 185,0.0,BTV3,6,0.0,0
1-BTV3 6dpi 186,0.0,BTV3,6,0.0,0
1-BTV3 6dpi 187,0.0,BTV3,6,0.0,0
1-BTV3 6dpi 188,0.0,BTV3,6,0.0,0
1-BTV3 6dpi 189,154000000.0,BTV3,6,18.85246316687141,1
1-BTV3 6dpi 190,42700000.0,BTV3,6,17.569709501618057,1
1-BTV3 6dpi 191,0.0,BTV3,6,0.0,0
1-BTV3 6dpi 192,0.0,BTV3,6,0.0,0
1-BTV3 6dpi 193,0.0,BTV3,6,0.0,0
1-BTV3 6dpi 194,0.0,BTV3,6,0.0,0
1-BTV3 6dpi 195,350.0,BTV3,6,5.860786223465865,1
1-BTV3 6dpi 196,0.0,BTV3,6,0.0,0
1-BTV3 6dpi 197,0.0,BTV3,6,0.0,0
1-BTV3 6dpi 198,0.0,BTV3,6,0.0,0
1-BTV3 6dpi 199,237.0,BTV3,6,5.472270673671475,1
1-BTV3 6dpi 200,0.0,BTV3,6,0.0,0
1-BTV3 6dpi 201,154.0,BTV3,6,5.043425116919247,1
1-BTV3 6dpi 202,0.0,BTV3,6,0.0,0
1-BTV3 6dpi 203,0.0,BTV3,6,0.0,0
1-BTV3 6dpi 204,0.0,BTV3,6,0.0,0
1-BTV3 6dpi 205,0.0,BTV3,6,0.0,0
1-BTV3 6dpi 206,43.1,BTV3,6,3.7864597824528,1
1-BTV3 6dpi 207,0.0,BTV3,6,0.0,0
1-BTV3 6dpi 208,0.0,BTV3,6,0.0,0
1-BTV3 6dpi 209,0.0,BTV3,6,0.0,0
1-BTV3 6dpi 210,0.0,BTV3,6,0.0,0
1-BTV3 6dpi 211,0.0,BTV3,6,0.0,0
1-BTV3 6dpi 212,268.0,BTV3,6,5.594711379601839,1
1-BTV3 6dpi 213,0.0,BTV3,6,0.0,0
1-BTV3 6dpi 214,0.0,BTV3,6,0.0,0
1-BTV3 6dpi 215,228.0,BTV3,6,5.43372200355424,1
1-BTV3 6dpi 216,76.7,BTV3,6,4.3528552573736015,1
1-BTV3 6dpi 217,0.0,BTV3,6,0.0,0
1-BTV3 6dpi 218,0.0,BTV3,6,0.0,0
1-BTV3 6dpi 219,0.0,BTV3,6,0.0,0
1-BTV3 6dpi 220,0.0,BTV3,6,0.0,0
1-BTV3 6dpi 221,0.0,BTV3,6,0.0,0
1-BTV3 6dpi 222,0.0,BTV3,6,0.0,0
1-BTV3 6dpi 223,0.0,BTV3,6,0.0,0
1-BTV3 6dpi 224,0.0,BTV3,6,0.0,0
1-BTV3 6dpi 225,0.0,BTV3,6,0.0,0
1-BTV3 6dpi 226,134.0,BTV3,6,4.90527477843843,1
1-BTV3 6dpi 227,98.1,BTV3,6,4.596129441335942,1
1-BTV3 6dpi 228,0.0,BTV3,6,0.0,0
1-BTV3 6dpi 229,0.0,BTV3,6,0.0,0
1-BTV3 6dpi 230,0.0,BTV3,6,0.0,0
1-BTV3 6dpi 231,0.0,BTV3,6,0.0,0
1-BTV3 6dpi 232,0.0,BTV3,6,0.0,0
1-BTV3 6dpi 233,0.0,BTV3,6,0.0,0
1-BTV3 6dpi 234,0.0,BTV3,6,0.0,0
1-BTV3 6dpi 235,0.0,BTV3,6,0.0,0
1-BTV3 6dpi 236,0.0,BTV3,6,0.0,0
1-BTV3 6dpi 237,58.1,BTV3,6,4.079230924412053,1
1-BTV3 6dpi 238,0.0,BTV3,6,0.0,0
1-BTV3 6dpi 239,3920.0,BTV3,6,8.27410200229233,1
1-BTV3 6dpi 240,0.0,BTV3,6,0.0,0
1-BTV3 6dpi 241,0.0,BTV3,6,0.0,0
1-BTV3 6dpi 242,0.0,BTV3,6,0.0,0
1-BTV3 6dpi 243,49.3,BTV3,6,3.9180050771056933,1
1-BTV3 6dpi 244,0.0,BTV3,6,0.0,0
1-BTV3 6dpi 245,0.0,BTV3,6,0.0,0
1-BTV3 6dpi 246,0.0,BTV3,6,0.0,0
1-BTV3 6dpi 247,142.0,BTV3,6,4.962844630259907,1
1-BTV3 6dpi 248,0.0,BTV3,6,0.0,0
1-BTV3 6dpi 249,0.0,BTV3,6,0.0,0
1-BTV3 6dpi 250,0.0,BTV3,6,0.0,0
1-BTV3 6dpi 251,0.0,BTV3,6,0.0,0
1-BTV3 6dpi 252,0.0,BTV3,6,0.0,0
1-BTV3 6dpi 253,0.0,BTV3,6,0.0,0
1-BTV3 6dpi 254,0.0,BTV3,6,0.0,0
1-BTV3 6dpi 255,0.0,BTV3,6,0.0,0
1-BTV3 6dpi 256,0.0,BTV3,6,0.0,0
1-BTV3 6dpi 257,0.0,BTV3,6,0.0,0
1-BTV3 6dpi 258,0.0,BTV3,6,0.0,0
1-BTV3 6dpi 259,0.0,BTV3,6,0.0,0
1-BTV3 6dpi 260,0.0,BTV3,6,0.0,0
1-BTV3 6dpi 261,146.0,BTV3,6,4.990432586778736,1
1-BTV3 6dpi 262,0.0,BTV3,6,0.0,0
1-BTV3 6dpi 263,0.0,BTV3,6,0.0,0
1-BTV3 6dpi 264,170.0,BTV3,6,5.14166355650266,1
1-BTV3 6dpi 265,0.0,BTV3,6,0.0,0
1-BTV3 6dpi 266,0.0,BTV3,6,0.0,0
1-BTV3 6dpi 267,0.0,BTV3,6,0.0,0
1-BTV3 6dpi 268,1600.0,BTV3,6,7.3783837129967145,1
1-BTV3 6dpi 269,0.0,BTV3,6,0.0,0
1-BTV3 6dpi 270,0.0,BTV3,6,0.0,0
1-BTV3 6dpi 271,0.0,BTV3,6,0.0,0
1-BTV3 6dpi 272,0.0,BTV3,6,0.0,0
1-BTV3 6dpi 273,166.0,BTV3,6,5.117993812416755,1
1-BTV3 6dpi 274,0.0,BTV3,6,0.0,0
1-BTV3 6dpi 275,0.0,BTV3,6,0.0,0
1-BTV3 6dpi 276,0.0,BTV3,6,0.0,0
1-BTV3 6dpi 277,0.0,BTV3,6,0.0,0
1-BTV3 6dpi 278,0.0,BTV3,6,0.0,0
1-BTV3 6dpi 279,0.0,BTV3,6,0.0,0
1-BTV3 6dpi 280,67.2,BTV3,6,4.222444564849416,1
1-BTV3 6dpi 281,247.0,BTV3,6,5.5134287461649825,1
1-BTV3 6dpi 282,0.0,BTV3,6,0.0,0
1-BTV3 6dpi 283,0.0,BTV3,6,0.0,0
1-BTV3 6dpi 284,0.0,BTV3,6,0.0,0
1-BTV3 6dpi 285,0.0,BTV3,6,0.0,0
1-BTV3 6dpi 286,0.0,BTV3,6,0.0,0
1-BTV3 6dpi 287,0.0,BTV3,6,0.0,0
1-BTV3 6dpi 288,0.0,BTV3,6,0.0,0
1-BTV3 6dpi 289,0.0,BTV3,6,0.0,0
1-BTV3 6dpi 290,0.0,BTV3,6,0.0,0
1-BTV3 6dpi 291,1210.0,BTV3,6,7.099201743553092,1
1-BTV3 6dpi 292,0.0,BTV3,6,0.0,0
1-BTV3 6dpi 293,0.0,BTV3,6,0.0,0
1-BTV3 6dpi 294,0.0,BTV3,6,0.0,0
1-BTV3 6dpi 295,53.7,BTV3,6,4.001863709427935,1
1-BTV3 6dpi 296,0.0,BTV3,6,0.0,0
1-BTV3 6dpi 297,396000000.0,BTV3,6,19.796924771744006,1
1-BTV3 6dpi 298,32.5,BTV3,6,3.5115454388310208,1
1-BTV3 6dpi 299,0.0,BTV3,6,0.0,0
1-BTV3 6dpi 300,59.6,BTV3,6,4.104294893075269,1
1-BTV3 6dpi 301,0.0,BTV3,6,0.0,0
1-BTV3 6dpi 302,0.0,BTV3,6,0.0,0
1-BTV3 6dpi 303,0.0,BTV3,6,0.0,0
1-BTV3 6dpi 304,60.8,BTV3,6,4.123903364463645,1
1-BTV3 6dpi 305,89.2,BTV3,6,4.502029427068578,1
1-BTV3 6dpi 306,885.0,BTV3,6,6.786716950605081,1
1-BTV3 6dpi 307,0.0,BTV3,6,0.0,0
1-BTV3 6dpi 308,0.0,BTV3,6,0.0,0
1-BTV3 6dpi 309,0.0,BTV3,6,0.0,0
1-BTV3 6dpi 310,0.0,BTV3,6,0.0,0
1-BTV3 6dpi 311,0.0,BTV3,6,0.0,0
1-BTV3 6dpi 312,0.0,BTV3,6,0.0,0
1-BTV3 6dpi 313,65.6,BTV3,6,4.198704577546343,1
1-BTV3 6dpi 314,0.0,BTV3,6,0.0,0
1-BTV3 6dpi 315,0.0,BTV3,6,0.0,0
1-BTV3 6dpi 316,0.0,BTV3,6,0.0,0
1-BTV3 6dpi 317,0.0,BTV3,6,0.0,0
1-BTV3 6dpi 318,0.0,BTV3,6,0.0,0
1-BTV3 6dpi 319,68.6,BTV3,6,4.242764567340374,1
1-BTV8 6dpi 1,0.0,BTV8,6,0.0,0
1-BTV8 6dpi 2,276.0,BTV8,6,5.6240175061873385,1
1-BTV8 6dpi 3,0.0,BTV8,6,0.0,0
1-BTV8 6dpi 4,55.5,BTV8,6,4.034240638152395,1
1-BTV8 6dpi 5,57.6,BTV8,6,4.070734696582967,1
1-BTV8 6dpi 6,0.0,BTV8,6,0.0,0
1-BTV8 6dpi 7,0.0,BTV8,6,0.0,0
1-BTV8 6dpi 8,174.0,BTV8,6,5.1647859739235145,1
1-BTV8 6dpi 9,0.0,BTV8,6,0.0,0
1-BTV8 6dpi 10,20600000.0,BTV8,6,16.840801682303496,1
1-BTV8 6dpi 11,0.0,BTV8,6,0.0,0
1-BTV8 6dpi 12,0.0,BTV8,6,0.0,0
1-BTV8 6dpi 13,0.0,BTV8,6,0.0,0
1-BTV8 6dpi 14,63.7,BTV8,6,4.169761201506855,1
1-BTV8 6dpi 15,59.7,BTV8,6,4.1059436980654525,1
1-BTV8 6dpi 16,0.0,BTV8,6,0.0,0
1-BTV8 6dpi 17,0.0,BTV8,6,0.0,0
1-BTV8 6dpi 18,50.5,BTV8,6,3.9415818076696905,1
1-BTV8 6dpi 19,328.0,BTV8,6,5.796057750765372,1
1-BTV8 6dpi 20,7790000.0,BTV8,6,15.868351546216628,1
1-BTV8 6dpi 21,0.0,BTV8,6,0.0,0
1-BTV8 6dpi 22,0.0,BTV8,6,0.0,0
1-BTV8 6dpi 23,0.0,BTV8,6,0.0,0
1-BTV8 6dpi 24,267.0,BTV8,6,5.5909869805108565,1
1-BTV8 6dpi 25,4650.0,BTV8,6,8.444837529224097,1
1-BTV8 6dpi 26,0.0,BTV8,6,0.0,0
1-BTV8 6dpi 27,569.0,BTV8,6,6.345636360828596,1
1-BTV8 6dpi 28,754.0,BTV8,6,6.626717749249025,1
1-BTV8 6dpi 29,0.0,BTV8,6,0.0,0
1-BTV8 6dpi 30,181.0,BTV8,6,5.204006687076795,1
1-BTV8 6dpi 31,0.0,BTV8,6,0.0,0
1-BTV8 6dpi 32,60.9,BTV8,6,4.12552017969055,1
1-BTV8 6dpi 33,81.9,BTV8,6,4.417635062141249,1
1-BTV8 6dpi 34,625.0,BTV8,6,6.439350371100098,1
1-BTV8 6dpi 35,45.1,BTV8,6,3.8308129500026027,1
1-BTV8 6dpi 36,129.0,BTV8,6,4.867534450455582,1
1-BTV8 6dpi 37,62.8,BTV8,6,4.155753190350744,1
1-BTV8 6dpi 38,131.0,BTV8,6,4.882801922586371,1
1-BTV8 6dpi 39,0.0,BTV8,6,0.0,0
1-BTV8 6dpi 40,456.0,BTV8,6,6.124683390894205,1
1-BTV8 6dpi 41,206.0,BTV8,6,5.332718793265369,1
1-BTV8 6dpi 42,0.0,BTV8,6,0.0,0
1-BTV8 6dpi 43,171.0,BTV8,6,5.147494476813453,1
1-BTV8 6dpi 44,71.0,BTV8,6,4.276666119016055,1
1-BTV8 6dpi 45,0.0,BTV8,6,0.0,0
1-BTV8 6dpi 46,195.0,BTV8,6,5.278114659230517,1
1-BTV8 6dpi 47,0.0,BTV8,6,0.0,0
1-BTV8 6dpi 48,0.0,BTV8,6,0.0,0
1-BTV8 6dpi 49,0.0,BTV8,6,0.0,0
1-BTV8 6dpi 50,353.0,BTV8,6,5.869296913133774,1
1-BTV8 6dpi 51,212.0,BTV8,6,5.3612921657094255,1
1-BTV8 6dpi 52,135.0,BTV8,6,4.912654885736052,1
1-BTV8 6dpi 53,1600.0,BTV8,6,7.3783837129967145,1
1-BTV8 6dpi 54,0.0,BTV8,6,0.0,0
1-BTV8 6dpi 55,288.0,BTV8,6,5.666426688112432,1
1-BTV8 6dpi 56,0.0,BTV8,6,0.0,0
1-BTV8 6dpi 57,110.0,BTV8,6,4.709530201312334,1
1-BTV8 6dpi 58,244.0,BTV8,6,5.501258210544727,1
1-BTV8 6dpi 59,283.0,BTV8,6,5.648974238161206,1
1-BTV8 6dpi 60,0.0,BTV8,6,0.0,0
1-BTV8 6dpi 61,0.0,BTV8,6,0.0,0
1-BTV8 6dpi 62,0.0,BTV8,6,0.0,0
1-BTV8 6dpi 63,263.0,BTV8,6,5.575949103146316,1
1-BTV8 6dpi 64,376.0,BTV8,6,5.932245187448011,1
1-BTV8 6dpi 65,0.0,BTV8,6,0.0,0
1-BTV8 6dpi 66,866.0,BTV8,6,6.7650389767805414,1
1-BTV8 6dpi 67,0.0,BTV8,6,0.0,0
1-BTV8 6dpi 68,0.0,BTV8,6,0.0,0
1-BTV8 6dpi 69,0.0,BTV8,6,0.0,0
1-BTV8 6dpi 70,187.0,BTV8,6,5.236441962829949,1
1-BTV8 6dpi 71,96.1,BTV8,6,4.575741375297279,1
1-BTV8 6dpi 72,240.0,BTV8,6,5.484796933490655,1
1-BTV8 6dpi 73,113000.0,BTV8,6,11.635151947212842,1
1-BTV8 6dpi 74,0.0,BTV8,6,0.0,0
1-BTV8 6dpi 75,14400.0,BTV8,6,9.575052927597383,1
1-BTV8 6dpi 76,0.0,BTV8,6,0.0,0
1-BTV8 6dpi 77,258.0,BTV8,6,5.556828061699537,1
1-BTV8 6dpi 78,198.0,BTV8,6,5.293304824724492,1
1-BTV8 6dpi 79,184.0,BTV8,6,5.220355825078324,1
1-BTV8 6dpi 80,205.0,BTV8,6,5.327876168789581,1
1-BTV8 6dpi 81,0.0,BTV8,6,0.0,0
1-BTV8 6dpi 82,365.0,BTV8,6,5.902633333401366,1
1-BTV8 6dpi 83,75.7,BTV8,6,4.33990170837321,1
1-BTV8 6dpi 84,186.0,BTV8,6,5.231108616854587,1
1-BTV8 6dpi 85,0.0,BTV8,6,0.0,0
1-BTV8 6dpi 86,1120.0,BTV8,6,7.02197642307216,1
1-BTV8 6dpi 87,1140.0,BTV8,6,7.039660349862076,1
1-BTV8 6dpi 88,115.0,BTV8,6,4.7535901911063645,1
1-BTV8 6dpi 89,113.0,BTV8,6,4.736198448394496,1
1-BTV8 6dpi 90,0.0,BTV8,6,0.0,0
1-BTV8 6dpi 91,353.0,BTV8,6,5.869296913133774,1
1-BTV8 6dpi 92,0.0,BTV8,6,0.0,0
1-BTV8 6dpi 93,332.0,BTV8,6,5.808142489980444,1
1-BTV8 6dpi 94,183.0,BTV8,6,5.214935757608986,1
1-BTV8 6dpi 95,282.0,BTV8,6,5.645446897643238,1
1-BTV8 6dpi 96,0.0,BTV8,6,0.0,0
1-BTV8 6dpi 97,23800.0,BTV8,6,10.077482875583607,1
1-BTV8 6dpi 98,134000.0,BTV8,6,11.80560254159177,1
1-BTV8 6dpi 99,239000.0,BTV8,6,12.384223015005313,1
1-BTV8 6dpi 100,2340.0,BTV8,6,7.75833346749091,1
1-BTV8 6dpi 101,179.0,BTV8,6,5.19295685089021,1
1-BTV8 6dpi 102,2260.0,BTV8,6,7.72356247227797,1
1-BTV8 6dpi 103,205.0,BTV8,6,5.327876168789581,1
1-BTV8 6dpi 104,100.0,BTV8,6,4.61512051684126,1
1-BTV8 6dpi 105,458.0,BTV8,6,6.129050210060545,1
1-BTV8 6dpi 106,15800000.0,BTV8,6,16.575520561288332,1
1-BTV8 6dpi 107,1000.0,BTV8,6,6.90875477931522,1
1-BTV8 6dpi 108,199.0,BTV8,6,5.298317366548036,1
1-BTV8 6dpi 109,974.0,BTV8,6,6.882437470997847,1
1-BTV8 6dpi 110,95.7,BTV8,6,4.571613402459248,1
1-BTV8 6dpi 111,0.0,BTV8,6,0.0,0
1-BTV8 6dpi 112,1580000.0,BTV8,6,14.272936037914342,1
1-BTV8 6dpi 113,100.0,BTV8,6,4.61512051684126,1
1-BTV8 6dpi 114,39.3,BTV8,6,3.696351468952637,1
1-BTV8 6dpi 115,279.0,BTV8,6,5.634789603169249,1
1-BTV8 6dpi 116,36.6,BTV8,6,3.6270040503958487,1
1-BTV8 6dpi 117,696.0,BTV8,6,6.546785410760524,1
1-BTV8 6dpi 118,0.0,BTV8,6,0.0,0
1-BTV8 6dpi 119,156000.0,BTV8,6,11.957617696467539,1
1-BTV8 6dpi 120,99.2,BTV8,6,4.607168188650764,1
1-BTV8 6dpi 121,261.0,BTV8,6,5.568344503761097,1
1-BTV8 6dpi 122,0.0,BTV8,6,0.0,0
1-BTV8 6dpi 123,3320.0,BTV8,6,8.108021221376747,1
1-BTV8 6dpi 124,36.8,BTV8,6,3.632309102625542,1
1-BTV8 6dpi 125,61200000.0,BTV8,6,17.929657763822423,1
1-BTV8 6dpi 126,129.0,BTV8,6,4.867534450455582,1
1-BTV8 6dpi 127,162.0,BTV8,6,5.093750200806762,1
1-BTV8 6dpi 128,38000.0,BTV8,6,10.545367754151743,1
1-BTV8 6dpi 129,28.4,BTV8,6,3.380994674344636,1
1-BTV8 6dpi 130,86.6,BTV8,6,4.472780997942346,1
1-BTV8 6dpi 131,38.1,BTV8,6,3.66612246699132,1
1-BTV8 6dpi 132,267.0,BTV8,6,5.5909869805108565,1
1-BTV8 6dpi 133,606.0,BTV8,6,6.408528791059498,1
1-BTV8 6dpi 134,566.0,BTV8,6,6.340359303727752,1
1-BTV8 6dpi 135,2640.0,BTV8,6,7.878912912297133,1
1-BTV8 6dpi 136,95.2,BTV8,6,4.566429357671661,1
1-BTV8 6dpi 137,578.0,BTV8,6,6.361302477572996,1
1-BTV8 6dpi 138,79.6,BTV8,6,4.389498649512583,1
1-BTV8 6dpi 139,65.0,BTV8,6,4.189654742026425,1
1-BTV8 6dpi 140,271.0,BTV8,6,5.605802066295998,1
1-BTV8 6dpi 141,0.0,BTV8,6,0.0,0
1-BTV8 6dpi 142,0.0,BTV8,6,0.0,0
1-BTV8 6dpi 143,194.0,BTV8,6,5.272999558563747,1
1-BTV8 6dpi 144,0.0,BTV8,6,0.0,0
1-BTV8 6dpi 145,64.9,BTV8,6,4.188138441508461,1
1-BTV8 6dpi 146,106.0,BTV8,6,4.672828834461906,1
1-BTV8 6dpi 147,16300000.0,BTV8,6,16.60667572712668,1
1-BTV8 6dpi 148,0.0,BTV8,6,0.0,0
1-BTV8 6dpi 149,248.0,BTV8,6,5.517452896464707,1
1-BTV8 6dpi 150,121.0,BTV8,6,4.804021044733257,1
1-BTV8 6dpi 151,12000.0,BTV8,6,9.392745258631441,1
1-BTV8 6dpi 152,31.5,BTV8,6,3.481240089335692,1
1-BTV8 6dpi 153,142.0,BTV8,6,4.962844630259907,1
1-BTV8 6dpi 154,177.0,BTV8,6,5.181783550292085,1
1-BTV8 6dpi 155,4540.0,BTV8,6,8.420902531097951,1
1-BTV8 6dpi 156,42.8,BTV8,6,3.7796338173824005,1
1-BTV8 6dpi 157,244.0,BTV8,6,5.501258210544727,1
1-BTV8 6dpi 158,44.1,BTV8,6,3.8088822465086327,1
1-BTV8 6dpi 159,495.0,BTV8,6,6.206575926724928,1
1-BTV8 6dpi 160,0.0,BTV8,6,0.0,0
1-BTV8 6dpi 161,647.0,BTV8,6,6.473890696352274,1
1-BTV8 6dpi 162,448.0,BTV8,6,6.1070228877422545,1
1-BTV8 6dpi 163,0.0,BTV8,6,0.0,0
1-BTV8 6dpi 164,2310.0,BTV8,6,7.745435610274381,1
1-BTV8 6dpi 165,46.5,BTV8,6,3.8607297110405954,1
1-BTV8 6dpi 166,1230.0,BTV8,6,7.115582126184454,1
1-BTV8 6dpi 167,485.0,BTV8,6,6.186208623900494,1
1-BTV8 6dpi 168,1040000.0,BTV8,6,13.854732232655556,1
1-BTV8 6dpi 169,0.0,BTV8,6,0.0,0
1-BTV8 6dpi 170,0.0,BTV8,6,0.0,0
1-BTV8 6dpi 171,134.0,BTV8,6,4.90527477843843,1
1-BTV8 6dpi 172,0.0,BTV8,6,0.0,0
1-BTV8 6dpi 173,216.0,BTV8,6,5.37989735354046,1
1-BTV8 6dpi 174,974.0,BTV8,6,6.882437470997847,1
1-BTV8 6dpi 175,0.0,BTV8,6,0.0,0
1-BTV8 6dpi 176,45.1,BTV8,6,3.8308129500026027,1
1-BTV8 6dpi 177,0.0,BTV8,6,0.0,0
1-BTV8 6dpi 178,89.4,BTV8,6,4.504244267398131,1
1-BTV8 6dpi 179,0.0,BTV8,6,0.0,0
1-BTV8 6dpi 180,50.3,BTV8,6,3.937690752176724,1
1-BTV8 6dpi 181,0.0,BTV8,6,0.0,0
1-BTV8 6dpi 182,0.0,BTV8,6,0.0,0
1-BTV8 6dpi 183,141.0,BTV8,6,4.955827057601261,1
1-BTV8 6dpi 184,0.0,BTV8,6,0.0,0
1-BTV8 6dpi 185,0.0,BTV8,6,0.0,0
1-BTV8 6dpi 186,0.0,BTV8,6,0.0,0
1-BTV8 6dpi 187,4360.0,BTV8,6,8.380456667842767,1
1-BTV8 6dpi 188,0.0,BTV8,6,0.0,0
1-BTV8 6dpi 189,0.0,BTV8,6,0.0,0
1-BTV8 6dpi 190,0.0,BTV8,6,0.0,0
1-BTV8 6dpi 191,46.6,BTV8,6,3.8628327612373745,1
1-BTV8 6dpi 192,0.0,BTV8,6,0.0,0
1-BTV8 6dpi 193,45.4,BTV8,6,3.8372994592322094,1
1-BTV8 6dpi 194,0.0,BTV8,6,0.0,0
1-BTV8 6dpi 195,152.0,BTV8,6,5.030437921392435,1
1-BTV8 6dpi 196,0.0,BTV8,6,0.0,0
1-BTV8 6dpi 197,65000000.0,BTV8,6,17.989897843244528,1
1-BTV8 6dpi 198,89.8,BTV8,6,4.508659285607248,1
1-BTV8 6dpi 199,0.0,BTV8,6,0.0,0
1-BTV8 6dpi 200,0.0,BTV8,6,0.0,0
1-BTV8 6dpi 201,0.0,BTV8,6,0.0,0
1-BTV8 6dpi 202,0.0,BTV8,6,0.0,0
1-BTV8 6dpi 203,0.0,BTV8,6,0.0,0
1-BTV8 6dpi 204,0.0,BTV8,6,0.0,0
1-BTV8 6dpi 205,0.0,BTV8,6,0.0,0
1-BTV8 6dpi 206,934.0,BTV8,6,6.840546529288687,1
1-BTV8 6dpi 207,0.0,BTV8,6,0.0,0
1-BTV8 6dpi 208,52.6,BTV8,6,3.9815490680767565,1
1-BTV8 6dpi 209,0.0,BTV8,6,0.0,0
1-BTV8 6dpi 210,56.6,BTV8,6,4.053522567701846,1
1-BTV8 6dpi 211,106.0,BTV8,6,4.672828834461906,1
1-BTV8 6dpi 212,0.0,BTV8,6,0.0,0
1-BTV8 6dpi 213,30100000.0,BTV8,6,17.220035762941695,1
1-BTV8 6dpi 214,0.0,BTV8,6,0.0,0
1-BTV8 6dpi 215,50.8,BTV8,6,3.9473901492654373,1
1-BTV8 6dpi 216,0.0,BTV8,6,0.0,0
1-BTV8 6dpi 217,229.0,BTV8,6,5.438079308923196,1
1-BTV8 6dpi 218,562.0,BTV8,6,6.333279628139691,1
1-BTV8 6dpi 219,0.0,BTV8,6,0.0,0
1-BTV8 6dpi 220,45.7,BTV8,6,3.8437441646748516,1
1-BTV8 6dpi 221,52.5,BTV8,6,3.979681653901961,1
1-BTV8 6dpi 222,193.0,BTV8,6,5.267858159063328,1
1-BTV8 6dpi 223,5500.0,BTV8,6,8.612685172875459,1
1-BTV8 6dpi 224,228.0,BTV8,6,5.43372200355424,1
1-BTV8 6dpi 225,0.0,BTV8,6,0.0,0
1-BTV8 6dpi 226,0.0,BTV8,6,0.0,0
1-BTV8 6dpi 227,0.0,BTV8,6,0.0,0
1-BTV8 6dpi 228,0.0,BTV8,6,0.0,0
1-BTV8 6dpi 229,6380.0,BTV8,6,8.761080103868347,1
1-BTV8 6dpi 230,285.0,BTV8,6,5.655991810819852,1
1-BTV8 6dpi 231,242.0,BTV8,6,5.493061443340548,1
1-BTV8 6dpi 232,157.0,BTV8,6,5.062595033026967,1
1-BTV8 6dpi 233,0.0,BTV8,6,0.0,0
1-BTV8 6dpi 234,0.0,BTV8,6,0.0,0
1-BTV8 6dpi 235,0.0,BTV8,6,0.0,0
1-BTV8 6dpi 236,64.0,BTV8,6,4.174387269895637,1
1-BTV8 6dpi 237,349.0,BTV8,6,5.857933154483459,1
1-BTV8 6dpi 238,58.3,BTV8,6,4.08260930600368,1
1-BTV8 6dpi 239,0.0,BTV8,6,0.0,0
1-BTV8 6dpi 240,0.0,BTV8,6,0.0,0
1-BTV8 6dpi 241,0.0,BTV8,6,0.0,0
1-BTV8 6dpi 242,65.4,BTV8,6,4.1956970564823886,1
1-BTV8 6dpi 243,0.0,BTV8,6,0.0,0
1-BTV8 6dpi 244,1440.0,BTV8,6,7.273092595999522,1
1-BTV8 6dpi 245,130.0,BTV8,6,4.875197323201151,1
1-BTV8 6dpi 246,201.0,BTV8,6,5.308267697401205,1
1-BTV8 6dpi 247,129.0,BTV8,6,4.867534450455582,1
1-BTV8 6dpi 248,59.5,BTV8,6,4.102643365036796,1
1-BTV8 6dpi 249,56.8,BTV8,6,4.056988775678332,1
1-BTV8 6dpi 250,58.8,BTV8,6,4.091005660956586,1
1-BTV8 6dpi 251,0.0,BTV8,6,0.0,0
1-BTV8 6dpi 252,138.0,BTV8,6,4.9344739331306915,1
1-BTV8 6dpi 253,0.0,BTV8,6,0.0,0
1-BTV8 6dpi 254,489.0,BTV8,6,6.194405391104672,1
1-BTV8 6dpi 255,0.0,BTV8,6,0.0,0
1-BTV8 6dpi 256,50.2,BTV8,6,3.9357395320454622,1
1-BTV8 6dpi 257,57.0,BTV8,6,4.060443010546419,1
1-BTV8 6dpi 258,0.0,BTV8,6,0.0,0
1-BTV8 6dpi 259,0.0,BTV8,6,0.0,0
1-BTV8 6dpi 260,0.0,BTV8,6,0.0,0
1-BTV8 6dpi 261,0.0,BTV8,6,0.0,0
1-BTV8 6dpi 262,65800.0,BTV8,6,11.094390314766315,1
1-BTV8 6dpi 263,54.2,BTV8,6,4.01096295328305,1
1-BTV8 6dpi 264,0.0,BTV8,6,0.0,0
1-BTV8 6dpi 265,0.0,BTV8,6,0.0,0
1-BTV8 6dpi 266,138.0,BTV8,6,4.9344739331306915,1
1-BTV8 6dpi 267,0.0,BTV8,6,0.0,0
1-BTV8 6dpi 268,243.0,BTV8,6,5.497168225293202,1
1-BTV8 6dpi 269,0.0,BTV8,6,0.0,0
1-BTV8 6dpi 270,0.0,BTV8,6,0.0,0
1-BTV8 6dpi 271,131.0,BTV8,6,4.882801922586371,1
1-BTV8 6dpi 272,147.0,BTV8,6,4.997212273764115,1
1-BTV8 6dpi 273,0.0,BTV8,6,0.0,0
1-BTV8 6dpi 274,0.0,BTV8,6,0.0,0
1-BTV8 6dpi 275,0.0,BTV8,6,0.0,0
1-BTV8 6dpi 276,34700000.0,BTV8,6,17.36225027373553,1
1-BTV8 6dpi 277,0.0,BTV8,6,0.0,0
1-BTV8 6dpi 278,1170.0,BTV8,6,7.065613363597717,1
1-BTV8 6dpi 279,0.0,BTV8,6,0.0,0
1-BTV8 6dpi 280,73.2,BTV8,6,4.3067641501733345,1
1-BTV8 6dpi 281,83.1,BTV8,6,4.432006566978902,1
1-BTV8 6dpi 282,84.0,BTV8,6,4.442651256490317,1
1-BTV8 6dpi 283,13400000.0,BTV8,6,16.410765339548004,1
1-BTV8 6dpi 284,0.0,BTV8,6,0.0,0
1-BTV8 6dpi 285,0.0,BTV8,6,0.0,0
1-BTV8 6dpi 286,0.0,BTV8,6,0.0,0
1-BTV8 6dpi 287,0.0,BTV8,6,0.0,0
1-BTV8 6dpi 288,0.0,BTV8,6,0.0,0
1-BTV8 6dpi 289,0.0,BTV8,6,0.0,0
1-BTV8 6dpi 290,99.2,BTV8,6,4.607168188650764,1
1-BTV8 6dpi 291,5740.0,BTV8,6,8.655388690167637,1
1-BTV8 6dpi 292,386.0,BTV8,6,5.958424693029782,1
1-BTV8 6dpi 293,0.0,BTV8,6,0.0,0
1-BTV8 6dpi 294,37.7,BTV8,6,3.655839600035736,1
1-BTV8 6dpi 295,148.0,BTV8,6,5.003946305945459,1
1-BTV8 6dpi 296,0.0,BTV8,6,0.0,0
1-BTV8 6dpi 297,0.0,BTV8,6,0.0,0
1-BTV8 6dpi 298,0.0,BTV8,6,0.0,0
1-BTV8 6dpi 299,0.0,BTV8,6,0.0,0
1-BTV8 6dpi 300,75.8,BTV8,6,4.341204640153626,1
1-BTV8 6dpi 301,158.0,BTV8,6,5.0689042022202315,1
1-BTV8 6dpi 302,0.0,BTV8,6,0.0,0
1-BTV8 6dpi 303,0.0,BTV8,6,0.0,0
1-BTV8 6dpi 304,0.0,BTV8,6,0.0,0
1-BTV8 6dpi 305,135.0,BTV8,6,4.912654885736052,1
1-BTV8 6dpi 306,0.0,BTV8,6,0.0,0
1-BTV8 6dpi 307,0.0,BTV8,6,0.0,0
1-BTV8 6dpi 308,0.0,BTV8,6,0.0,0
1-BTV8 6dpi 309,0.0,BTV8,6,0.0,0
1-BTV8 6dpi 310,71.9,BTV8,6,4.289088639014612,1
1-BTV8 6dpi 311,161.0,BTV8,6,5.087596335232384,1
1-BTV8 6dpi 312,0.0,BTV8,6,0.0,0
1-BTV8 6dpi 313,0.0,BTV8,6,0.0,0
1-BTV8 6dpi 314,0.0,BTV8,6,0.0,0
1-BTV8 6dpi 315,0.0,BTV8,6,0.0,0
1-BTV8 6dpi 316,0.0,BTV8,6,0.0,0
1-BTV8 6dpi 317,0.0,BTV8,6,0.0,0
1-BTV8 6dpi 318,0.0,BTV8,6,0.0,0
1-BTV8 6dpi 319,113.0,BTV8,6,4.736198448394496,1
1-BTV8 6dpi 320,41.5,BTV8,6,3.7495040759303713,1
1-BTV8 6dpi 321,0.0,BTV8,6,0.0,0
1-BTV8 6dpi 322,0.0,BTV8,6,0.0,0
1-BTV8 6dpi 323,0.0,BTV8,6,0.0,0
1-BTV8 6dpi 324,70900000.0,BTV8,6,18.07678100560673,1
1-BTV8 6dpi 325,315.0,BTV8,6,5.755742213586912,1
1-BTV8 6dpi 326,370.0,BTV8,6,5.916202062607435,1
1-BTV8 6dpi 327,201.0,BTV8,6,5.308267697401205,1
1-BTV8 6dpi 328,410.0,BTV8,6,6.018593214496234,1
1-BTV8 6dpi 329,224.0,BTV8,6,5.41610040220442,1
1-BTV8 6dpi 330,129.0,BTV8,6,4.867534450455582,1
2-NC 0dpi 1,0.0,NC,0,0.0,0
2-NC 0dpi 2,0.0,NC,0,0.0,0
2-NC 0dpi 3,0.0,NC,0,0.0,0
2-NC 0dpi 4,0.0,NC,0,0.0,0
2-NC 0dpi 5,0.0,NC,0,0.0,0
2-NC 0dpi 6,0.0,NC,0,0.0,0
2-NC 0dpi 7,0.0,NC,0,0.0,0
2-NC 0dpi 8,0.0,NC,0,0.0,0
2-NC 0dpi 9,0.0,NC,0,0.0,0
2-NC 0dpi 10,0.0,NC,0,0.0,0
2-NC 0dpi 11,0.0,NC,0,0.0,0
2-NC 0dpi 12,0.0,NC,0,0.0,0
2-NC 0dpi 13,0.0,NC,0,0.0,0
2-NC 0dpi 14,0.0,NC,0,0.0,0
2-NC 0dpi 15,0.0,NC,0,0.0,0
2-NC 0dpi 16,0.0,NC,0,0.0,0
2-BTV3 0dpi 1,46000.0,BTV3,0,10.736418414365376,1
2-BTV3 0dpi 2,53400.0,BTV3,0,10.885584751364705,1
2-BTV3 0dpi 3,38900.0,BTV3,0,10.568775236216993,1
2-BTV3 0dpi 4,85800.0,BTV3,0,11.359785940419789,1
2-BTV3 0dpi 5,72900.0,BTV3,0,11.196857635323791,1
2-BTV3 0dpi 6,127000.0,BTV3,0,11.751950239425476,1
2-BTV3 0dpi 7,78600.0,BTV3,0,11.272139700982676,1
2-BTV3 0dpi 8,50000.0,BTV3,0,10.819798284210286,1
2-BTV3 0dpi 9,114000.0,BTV3,0,11.643962499267984,1
2-BTV3 0dpi 10,70900.0,BTV3,0,11.16903981679311,1
2-BTV3 0dpi 11,159000.0,BTV3,0,11.976665770490767,1
2-BTV3 0dpi 12,71800.0,BTV3,0,11.181653682515929,1
2-BTV3 0dpi 13,70100.0,BTV3,0,11.157692338256169,1
2-BTV3 0dpi 14,68000.0,BTV3,0,11.127277689932466,1
2-BTV3 0dpi 15,38000.0,BTV3,0,10.545367754151743,1
2-BTV3 0dpi 16,64000.0,BTV3,0,11.06665398721974,1
2-BTV8 0dpi 1,98200.0,BTV8,0,11.494771677590096,1
2-BTV8 0dpi 2,149000.0,BTV8,0,11.91170829631447,1
2-BTV8 0dpi 3,261000.0,BTV8,0,12.472279517715116,1
2-BTV8 0dpi 4,183000.0,BTV8,0,12.117246896289503,1
2-BTV8 0dpi 5,133000.0,BTV8,0,11.798111925972618,1
2-BTV8 0dpi 6,160000.0,BTV8,0,11.982935344196433,1
2-BTV8 0dpi 7,140000.0,BTV8,0,11.849404844423074,1
2-BTV8 0dpi 8,112000.0,BTV8,0,11.626263078808801,1
2-BTV8 0dpi 9,367000.0,BTV8,0,12.813119851828635,1
2-BTV8 0dpi 10,173000.0,BTV8,0,12.06105265381003,1
2-BTV8 0dpi 11,64700.0,BTV8,0,11.07753193632009,1
2-BTV8 0dpi 12,107000.0,BTV8,0,11.580593459194764,1
2-BTV8 0dpi 13,78200.0,BTV8,0,11.267037714175425,1
2-BTV8 0dpi 14,141000.0,BTV8,0,11.856522261533737,1
2-BTV8 0dpi 15,170000.0,BTV8,0,12.04355959836804,1
2-BTV8 0dpi 16,341000.0,BTV8,0,12.739640688812674,1
2-NC 6dpi 1 ,0.0,NC,6,0.0,0
2-NC 6dpi 2,0.0,NC,6,0.0,0
2-NC 6dpi 3,0.0,NC,6,0.0,0
2-NC 6dpi 4,0.0,NC,6,0.0,0
2-NC 6dpi 5,0.0,NC,6,0.0,0
2-NC 6dpi 6,0.0,NC,6,0.0,0
2-NC 6dpi 7,0.0,NC,6,0.0,0
2-NC 6dpi 8,0.0,NC,6,0.0,0
2-NC 6dpi 9,0.0,NC,6,0.0,0
2-NC 6dpi 10,0.0,NC,6,0.0,0
2-NC 6dpi 11,0.0,NC,6,0.0,0
2-NC 6dpi 12,0.0,NC,6,0.0,0
2-NC 6dpi 13,0.0,NC,6,0.0,0
2-NC 6dpi 14,0.0,NC,6,0.0,0
2-NC 6dpi 15,0.0,NC,6,0.0,0
2-NC 6dpi 16,0.0,NC,6,0.0,0
2-BTV3 6dpi 1,0.0,BTV3,6,0.0,0
2-BTV3 6dpi 2,57.9,BTV3,6,4.075841090657541,1
2-BTV3 6dpi 3,0.0,BTV3,6,0.0,0
2-BTV3 6dpi 4,71.8,BTV3,6,4.28771595520264,1
2-BTV3 6dpi 5,251.0,BTV3,6,5.529429087511423,1
2-BTV3 6dpi 6,0.0,BTV3,6,0.0,0
2-BTV3 6dpi 7,0.0,BTV3,6,0.0,0
2-BTV3 6dpi 8,141.0,BTV3,6,4.955827057601261,1
2-BTV3 6dpi 9,9710.0,BTV3,6,9.181014542594355,1
2-BTV3 6dpi 10,0.0,BTV3,6,0.0,0
2-BTV3 6dpi 11,0.0,BTV3,6,0.0,0
2-BTV3 6dpi 12,68.4,BTV3,6,4.239886867512759,1
2-BTV3 6dpi 13,0.0,BTV3,6,0.0,0
2-BTV3 6dpi 14,5560.0,BTV3,6,8.623533227187563,1
2-BTV3 6dpi 15,254.0,BTV3,6,5.541263545158426,1
2-BTV3 6dpi 16,155.0,BTV3,6,5.049856007249537,1
2-BTV3 6dpi 17,0.0,BTV3,6,0.0,0
2-BTV3 6dpi 18,71.3,BTV3,6,4.280824129164719,1
2-BTV3 6dpi 19,136.0,BTV3,6,4.919980925828125,1
2-BTV3 6dpi 20,24300.0,BTV3,6,10.098272780745283,1
2-BTV3 6dpi 21,278.0,BTV3,6,5.631211781821365,1
2-BTV3 6dpi 22,247.0,BTV3,6,5.5134287461649825,1
2-BTV3 6dpi 23,179.0,BTV3,6,5.19295685089021,1
2-BTV3 6dpi 24,0.0,BTV3,6,0.0,0
2-BTV3 6dpi 25,127.0,BTV3,6,4.852030263919617,1
2-BTV3 6dpi 26,69.0,BTV3,6,4.248495242049359,1
2-BTV3 6dpi 27,114.0,BTV3,6,4.74493212836325,1
2-BTV3 6dpi 28,223.0,BTV3,6,5.4116460518550396,1
2-BTV3 6dpi 29,0.0,BTV3,6,0.0,0
2-BTV3 6dpi 30,118.0,BTV3,6,4.77912349311153,1
2-BTV3 6dpi 31,0.0,BTV3,6,0.0,0
2-BTV3 6dpi 32,109.0,BTV3,6,4.700480365792417,1
2-BTV3 6dpi 33,135.0,BTV3,6,4.912654885736052,1
2-BTV3 6dpi 34,0.0,BTV3,6,0.0,0
2-BTV3 6dpi 35,0.0,BTV3,6,0.0,0
2-BTV3 6dpi 36,0.0,BTV3,6,0.0,0
2-BTV3 6dpi 37,20200.0,BTV3,6,9.913487387114461,1
2-BTV3 6dpi 38,0.0,BTV3,6,0.0,0
2-BTV3 6dpi 39,0.0,BTV3,6,0.0,0
2-BTV3 6dpi 40,0.0,BTV3,6,0.0,0
2-BTV3 6dpi 41,252000.0,BTV3,6,12.437188334739655,1
2-BTV3 6dpi 42,73.9,BTV3,6,4.316153890523174,1
2-BTV3 6dpi 43,0.0,BTV3,6,0.0,0
2-BTV3 6dpi 44,68.1,BTV3,6,4.235554730773624,1
2-BTV3 6dpi 45,68.7,BTV3,6,4.244200317766478,1
2-BTV3 6dpi 46,0.0,BTV3,6,0.0,0
2-BTV3 6dpi 47,58.5,BTV3,6,4.085976312551584,1
2-BTV3 6dpi 48,2150.0,BTV3,6,7.67368812926773,1
2-BTV3 6dpi 49,75.2,BTV3,6,4.333361462692601,1
2-BTV3 6dpi 50,128.0,BTV3,6,4.859812404361672,1
2-BTV3 6dpi 51,26100.0,BTV3,6,10.169728906753061,1
2-BTV3 6dpi 52,272.0,BTV3,6,5.60947179518496,1
2-BTV3 6dpi 53,136.0,BTV3,6,4.919980925828125,1
2-BTV3 6dpi 54,270.0,BTV3,6,5.602118820879701,1
2-BTV3 6dpi 55,0.0,BTV3,6,0.0,0
2-BTV3 6dpi 56,0.0,BTV3,6,0.0,0
2-BTV3 6dpi 57,370.0,BTV3,6,5.916202062607435,1
2-BTV3 6dpi 58,0.0,BTV3,6,0.0,0
2-BTV3 6dpi 59,150.0,BTV3,6,5.017279836814924,1
2-BTV3 6dpi 60,51700.0,BTV3,6,10.853232402669228,1
2-BTV3 6dpi 61,13000000.0,BTV3,6,16.380459992348886,1
2-BTV3 6dpi 62,0.0,BTV3,6,0.0,0
2-BTV3 6dpi 63,0.0,BTV3,6,0.0,0
2-BTV3 6dpi 64,0.0,BTV3,6,0.0,0
2-BTV3 6dpi 65,0.0,BTV3,6,0.0,0
2-BTV3 6dpi 66,0.0,BTV3,6,0.0,0
2-BTV3 6dpi 67,0.0,BTV3,6,0.0,0
2-BTV3 6dpi 68,363.0,BTV3,6,5.8971538676367405,1
2-BTV3 6dpi 69,0.0,BTV3,6,0.0,0
2-BTV3 6dpi 70,0.0,BTV3,6,0.0,0
2-BTV3 6dpi 71,0.0,BTV3,6,0.0,0
2-BTV3 6dpi 72,111.0,BTV3,6,4.718498871295094,1
2-BTV3 6dpi 73,49000.0,BTV3,6,10.799595985047786,1
2-BTV3 6dpi 74,32200.0,BTV3,6,10.379752786950895,1
2-BTV3 6dpi 75,82.9,BTV3,6,4.429625613473161,1
2-BTV3 6dpi 76,78.2,BTV3,6,4.37197629882038,1
2-BTV3 6dpi 77,0.0,BTV3,6,0.0,0
2-BTV3 6dpi 78,0.0,BTV3,6,0.0,0
2-BTV3 6dpi 79,0.0,BTV3,6,0.0,0
2-BTV3 6dpi 80,0.0,BTV3,6,0.0,0
2-BTV3 6dpi 81,0.0,BTV3,6,0.0,0
2-BTV3 6dpi 82,0.0,BTV3,6,0.0,0
2-BTV3 6dpi 83,141.0,BTV3,6,4.955827057601261,1
2-BTV3 6dpi 84,77.4,BTV3,6,4.361823927356363,1
2-BTV3 6dpi 85,0.0,BTV3,6,0.0,0
2-BTV3 6dpi 86,181.0,BTV3,6,5.204006687076795,1
2-BTV3 6dpi 87,130.0,BTV3,6,4.875197323201151,1
2-BTV3 6dpi 88,0.0,BTV3,6,0.0,0
2-BTV3 6dpi 89,0.0,BTV3,6,0.0,0
2-BTV3 6dpi 90,39.5,BTV3,6,3.7013019741124933,1
2-BTV3 6dpi 91,192.0,BTV3,6,5.262690188904886,1
2-BTV3 6dpi 92,21100.0,BTV3,6,9.957075711706057,1
2-BTV3 6dpi 93,0.0,BTV3,6,0.0,0
2-BTV3 6dpi 94,68.4,BTV3,6,4.239886867512759,1
2-BTV3 6dpi 95,0.0,BTV3,6,0.0,0
2-BTV3 6dpi 96,76.3,BTV3,6,4.3476939555933765,1
2-BTV3 6dpi 97,146.0,BTV3,6,4.990432586778736,1
2-BTV3 6dpi 98,0.0,BTV3,6,0.0,0
2-BTV3 6dpi 99,0.0,BTV3,6,0.0,0
2-BTV3 6dpi 100,101.0,BTV3,6,4.624972813284271,1
2-BTV3 6dpi 101,0.0,BTV3,6,0.0,0
2-BTV3 6dpi 102,138.0,BTV3,6,4.9344739331306915,1
2-BTV3 6dpi 103,0.0,BTV3,6,0.0,0
2-BTV3 6dpi 104,75.5,BTV3,6,4.33729074083249,1
2-BTV3 6dpi 105,0.0,BTV3,6,0.0,0
2-BTV3 6dpi 106,0.0,BTV3,6,0.0,0
2-BTV3 6dpi 107,0.0,BTV3,6,0.0,0
2-BTV3 6dpi 108,0.0,BTV3,6,0.0,0
2-BTV3 6dpi 109,0.0,BTV3,6,0.0,0
2-BTV3 6dpi 110,74.3,BTV3,6,4.321480134805848,1
2-BTV3 6dpi 111,0.0,BTV3,6,0.0,0
2-BTV3 6dpi 112,308000000.0,BTV3,6,19.545610344184603,1
2-BTV3 6dpi 113,0.0,BTV3,6,0.0,0
2-BTV3 6dpi 114,0.0,BTV3,6,0.0,0
2-BTV3 6dpi 115,433.0,BTV3,6,6.073044534100405,1
2-BTV3 6dpi 116,0.0,BTV3,6,0.0,0
2-BTV3 6dpi 117,1080.0,BTV3,6,6.985641817639208,1
2-BTV3 6dpi 118,0.0,BTV3,6,0.0,0
2-BTV3 6dpi 119,0.0,BTV3,6,0.0,0
2-BTV3 6dpi 120,0.0,BTV3,6,0.0,0
2-BTV3 6dpi 121,35900.0,BTV3,6,10.488520429241627,1
2-BTV3 6dpi 122,0.0,BTV3,6,0.0,0
2-BTV3 6dpi 123,0.0,BTV3,6,0.0,0
2-BTV3 6dpi 124,0.0,BTV3,6,0.0,0
2-BTV3 6dpi 125,0.0,BTV3,6,0.0,0
2-BTV3 6dpi 126,50800.0,BTV3,6,10.835671318412196,1
2-BTV3 6dpi 127,291.0,BTV3,6,5.676753802268282,1
2-BTV3 6dpi 128,153.0,BTV3,6,5.0369526024136295,1
2-BTV3 6dpi 129,14800.0,BTV3,6,9.60245002503719,1
2-BTV3 6dpi 130,275.0,BTV3,6,5.62040086571715,1
2-BTV3 6dpi 131,141.0,BTV3,6,4.955827057601261,1
2-BTV3 6dpi 132,346.0,BTV3,6,5.849324779946859,1
2-BTV3 6dpi 133,0.0,BTV3,6,0.0,0
2-BTV3 6dpi 134,298.0,BTV3,6,5.700443573390687,1
2-BTV3 6dpi 135,0.0,BTV3,6,0.0,0
2-BTV3 6dpi 136,350.0,BTV3,6,5.860786223465865,1
2-BTV3 6dpi 137,317.0,BTV3,6,5.762051382780177,1
2-BTV3 6dpi 138,0.0,BTV3,6,0.0,0
2-BTV3 6dpi 139,0.0,BTV3,6,0.0,0
2-BTV3 6dpi 140,95.4,BTV3,6,4.5685062016165,1
2-BTV3 6dpi 141,0.0,BTV3,6,0.0,0
2-BTV3 6dpi 142,70.3,BTV3,6,4.26689632742025,1
2-BTV3 6dpi 143,0.0,BTV3,6,0.0,0
2-BTV3 6dpi 144,0.0,BTV3,6,0.0,0
2-BTV3 6dpi 145,0.0,BTV3,6,0.0,0
2-BTV3 6dpi 146,0.0,BTV3,6,0.0,0
2-BTV3 6dpi 147,83.6,BTV3,6,4.437934266612178,1
2-BTV3 6dpi 148,0.0,BTV3,6,0.0,0
2-BTV3 6dpi 149,231.0,BTV3,6,5.44673737166631,1
2-BTV3 6dpi 150,0.0,BTV3,6,0.0,0
2-BTV3 6dpi 151,419.0,BTV3,6,6.040254711277414,1
2-BTV3 6dpi 152,0.0,BTV3,6,0.0,0
2-BTV3 6dpi 153,132.0,BTV3,6,4.890349128221754,1
2-BTV3 6dpi 154,83.3,BTV3,6,4.4343818650078095,1
2-BTV3 6dpi 155,0.0,BTV3,6,0.0,0
2-BTV3 6dpi 156,0.0,BTV3,6,0.0,0
2-BTV3 6dpi 157,0.0,BTV3,6,0.0,0
2-BTV3 6dpi 158,0.0,BTV3,6,0.0,0
2-BTV3 6dpi 159,0.0,BTV3,6,0.0,0
2-BTV3 6dpi 160,92.1,BTV3,6,4.533674184283021,1
2-BTV3 6dpi 161,174.0,BTV3,6,5.1647859739235145,1
2-BTV3 6dpi 162,82.5,BTV3,6,4.42484663185681,1
2-BTV3 6dpi 163,310.0,BTV3,6,5.739792912179234,1
2-BTV3 6dpi 164,0.0,BTV3,6,0.0,0
2-BTV3 6dpi 165,62100.0,BTV3,6,11.036517370851499,1
2-BTV3 6dpi 166,1910.0,BTV3,6,7.555381944240273,1
2-BTV3 6dpi 167,329.0,BTV3,6,5.799092654460526,1
2-BTV3 6dpi 168,115.0,BTV3,6,4.7535901911063645,1
2-BTV3 6dpi 169,0.0,BTV3,6,0.0,0
2-BTV3 6dpi 170,0.0,BTV3,6,0.0,0
2-BTV3 6dpi 171,89.9,BTV3,6,4.509760001183433,1
2-BTV3 6dpi 172,0.0,BTV3,6,0.0,0
2-BTV3 6dpi 173,0.0,BTV3,6,0.0,0
2-BTV3 6dpi 174,172.0,BTV3,6,5.153291594497779,1
2-BTV3 6dpi 175,425.0,BTV3,6,6.054439346269371,1
2-BTV3 6dpi 176,0.0,BTV3,6,0.0,0
2-BTV3 6dpi 177,0.0,BTV3,6,0.0,0
2-BTV3 6dpi 178,0.0,BTV3,6,0.0,0
2-BTV3 6dpi 179,105.0,BTV3,6,4.663439094112067,1
2-BTV3 6dpi 180,67300000.0,BTV3,6,18.024670809473797,1
2-BTV3 6dpi 181,0.0,BTV3,6,0.0,0
2-BTV3 6dpi 182,441.0,BTV3,6,6.091309882077698,1
2-BTV3 6dpi 183,105.0,BTV3,6,4.663439094112067,1
2-BTV3 6dpi 184,2240.0,BTV3,6,7.714677473800927,1
2-BTV3 6dpi 185,0.0,BTV3,6,0.0,0
2-BTV3 6dpi 186,259.0,BTV3,6,5.560681631015528,1
2-BTV3 6dpi 187,195.0,BTV3,6,5.278114659230517,1
2-BTV3 6dpi 188,0.0,BTV3,6,0.0,0
2-BTV3 6dpi 189,0.0,BTV3,6,0.0,0
2-BTV3 6dpi 190,161.0,BTV3,6,5.087596335232384,1
2-BTV3 6dpi 191,0.0,BTV3,6,0.0,0
2-BTV3 6dpi 192,908.0,BTV3,6,6.812345094177479,1
2-BTV3 6dpi 193,506.0,BTV3,6,6.2285110035911835,1
2-BTV3 6dpi 194,0.0,BTV3,6,0.0,0
2-BTV3 6dpi 195,204.0,BTV3,6,5.3230099791384085,1
2-BTV3 6dpi 196,109.0,BTV3,6,4.700480365792417,1
2-BTV3 6dpi 197,115.0,BTV3,6,4.7535901911063645,1
2-BTV3 6dpi 198,0.0,BTV3,6,0.0,0
2-BTV3 6dpi 199,1960.0,BTV3,6,7.581209826196346,1
2-BTV3 6dpi 200,0.0,BTV3,6,0.0,0
2-BTV3 6dpi 201,1560.0,BTV3,6,7.353081920515432,1
2-BTV3 6dpi 202,6820.0,BTV3,6,8.82776136765472,1
2-BTV3 6dpi 203,48.3,BTV3,6,3.8979240810486444,1
2-BTV3 6dpi 204,50.3,BTV3,6,3.937690752176724,1
2-BTV3 6dpi 205,0.0,BTV3,6,0.0,0
2-BTV3 6dpi 206,105.0,BTV3,6,4.663439094112067,1
2-BTV3 6dpi 207,54.9,BTV3,6,4.023564380161053,1
2-BTV3 6dpi 208,0.0,BTV3,6,0.0,0
2-BTV3 6dpi 209,147.0,BTV3,6,4.997212273764115,1
2-BTV3 6dpi 210,0.0,BTV3,6,0.0,0
2-BTV3 6dpi 211,57.2,BTV3,6,4.063885354737392,1
2-BTV3 6dpi 212,0.0,BTV3,6,0.0,0
2-BTV3 6dpi 213,51.2,BTV3,6,3.955082494888593,1
2-BTV3 6dpi 214,216.0,BTV3,6,5.37989735354046,1
2-BTV3 6dpi 215,0.0,BTV3,6,0.0,0
2-BTV3 6dpi 216,380.0,BTV3,6,5.942799375126701,1
2-BTV3 6dpi 217,0.0,BTV3,6,0.0,0
2-BTV3 6dpi 218,46.7,BTV3,6,3.8649313978942956,1
2-BTV3 6dpi 219,0.0,BTV3,6,0.0,0
2-BTV3 6dpi 220,58.7,BTV3,6,4.089332020398556,1
2-BTV3 6dpi 221,0.0,BTV3,6,0.0,0
2-BTV3 6dpi 222,397.0,BTV3,6,5.986452005284438,1
2-BTV3 6dpi 223,433000000.0,BTV3,6,19.88624828827623,1
2-BTV3 6dpi 224,114.0,BTV3,6,4.74493212836325,1
2-BTV3 6dpi 225,325.0,BTV3,6,5.786897381366708,1
2-BTV3 6dpi 226,0.0,BTV3,6,0.0,0
2-BTV3 6dpi 227,117.0,BTV3,6,4.770684624465665,1
2-BTV3 6dpi 228,0.0,BTV3,6,0.0,0
2-BTV3 6dpi 229,397000000.0,BTV3,6,19.799446841170358,1
2-BTV3 6dpi 230,0.0,BTV3,6,0.0,0
2-BTV3 6dpi 231,0.0,BTV3,6,0.0,0
2-BTV3 6dpi 232,159.0,BTV3,6,5.075173815233827,1
2-BTV3 6dpi 233,65.0,BTV3,6,4.189654742026425,1
2-BTV3 6dpi 234,17200000.0,BTV3,6,16.660419999923214,1
2-BTV3 6dpi 235,0.0,BTV3,6,0.0,0
2-BTV3 6dpi 236,0.0,BTV3,6,0.0,0
2-BTV3 6dpi 237,0.0,BTV3,6,0.0,0
2-BTV3 6dpi 238,257000000.0,BTV3,6,19.364586646750546,1
2-BTV3 6dpi 239,0.0,BTV3,6,0.0,0
2-BTV3 6dpi 240,0.0,BTV3,6,0.0,0
2-BTV3 6dpi 241,0.0,BTV3,6,0.0,0
2-BTV3 6dpi 242,338.0,BTV3,6,5.82600010738045,1
2-BTV3 6dpi 243,0.0,BTV3,6,0.0,0
2-BTV3 6dpi 244,0.0,BTV3,6,0.0,0
2-BTV3 6dpi 245,0.0,BTV3,6,0.0,0
2-BTV3 6dpi 246,49.7,BTV3,6,3.9259259105971376,1
2-BTV3 6dpi 247,0.0,BTV3,6,0.0,0
2-BTV3 6dpi 248,1020.0,BTV3,6,6.928537818164665,1
2-BTV3 6dpi 249,1190.0,BTV3,6,7.0825485693553,1
2-BTV3 6dpi 250,33.9,BTV3,6,3.5524868292083815,1
2-BTV8 6dpi 1,244.0,BTV8,6,5.501258210544727,1
2-BTV8 6dpi 2,0.0,BTV8,6,0.0,0
2-BTV8 6dpi 3,138.0,BTV8,6,4.9344739331306915,1
2-BTV8 6dpi 4,0.0,BTV8,6,0.0,0
2-BTV8 6dpi 5,81.8,BTV8,6,4.416428061391214,1
2-BTV8 6dpi 6,0.0,BTV8,6,0.0,0
2-BTV8 6dpi 7,0.0,BTV8,6,0.0,0
2-BTV8 6dpi 8,0.0,BTV8,6,0.0,0
2-BTV8 6dpi 9,0.0,BTV8,6,0.0,0
2-BTV8 6dpi 10,18600.0,BTV8,6,9.83097062169695,1
2-BTV8 6dpi 11,238.0,BTV8,6,5.476463551931511,1
2-BTV8 6dpi 12,232.0,BTV8,6,5.4510384535657,1
2-BTV8 6dpi 13,0.0,BTV8,6,0.0,0
2-BTV8 6dpi 14,70.5,BTV8,6,4.269697449699962,1
2-BTV8 6dpi 15,200.0,BTV8,6,5.303304908059076,1
2-BTV8 6dpi 16,76.2,BTV8,6,4.3463994570307305,1
2-BTV8 6dpi 17,203.0,BTV8,6,5.318119993844216,1
2-BTV8 6dpi 18,0.0,BTV8,6,0.0,0
2-BTV8 6dpi 19,0.0,BTV8,6,0.0,0
2-BTV8 6dpi 20,0.0,BTV8,6,0.0,0
2-BTV8 6dpi 21,1300.0,BTV8,6,7.170888478512505,1
2-BTV8 6dpi 22,2100.0,BTV8,6,7.650168700845001,1
2-BTV8 6dpi 23,0.0,BTV8,6,0.0,0
2-BTV8 6dpi 24,0.0,BTV8,6,0.0,0
2-BTV8 6dpi 25,0.0,BTV8,6,0.0,0
2-BTV8 6dpi 26,94.1,BTV8,6,4.554928969551344,1
2-BTV8 6dpi 27,0.0,BTV8,6,0.0,0
2-BTV8 6dpi 28,116.0,BTV8,6,4.762173934797756,1
2-BTV8 6dpi 29,96.1,BTV8,6,4.575741375297279,1
2-BTV8 6dpi 30,112.0,BTV8,6,4.727387818712341,1
2-BTV8 6dpi 31,105.0,BTV8,6,4.663439094112067,1
2-BTV8 6dpi 32,110.0,BTV8,6,4.709530201312334,1
2-BTV8 6dpi 33,297.0,BTV8,6,5.697093486505405,1
2-BTV8 6dpi 34,0.0,BTV8,6,0.0,0
2-BTV8 6dpi 35,87100.0,BTV8,6,11.374823643830945,1
2-BTV8 6dpi 36,0.0,BTV8,6,0.0,0
2-BTV8 6dpi 37,0.0,BTV8,6,0.0,0
2-BTV8 6dpi 38,95.1,BTV8,6,4.565389315976247,1
2-BTV8 6dpi 39,0.0,BTV8,6,0.0,0
2-BTV8 6dpi 40,0.0,BTV8,6,0.0,0
2-BTV8 6dpi 41,942.0,BTV8,6,6.849066282633458,1
2-BTV8 6dpi 42,134.0,BTV8,6,4.90527477843843,1
2-BTV8 6dpi 43,0.0,BTV8,6,0.0,0
2-BTV8 6dpi 44,0.0,BTV8,6,0.0,0
2-BTV8 6dpi 45,0.0,BTV8,6,0.0,0
2-BTV8 6dpi 46,57200.0,BTV8,6,10.954326659732555,1
2-BTV8 6dpi 47,189.0,BTV8,6,5.247024072160486,1
2-BTV8 6dpi 48,0.0,BTV8,6,0.0,0
2-BTV8 6dpi 49,233.0,BTV8,6,5.455321115357702,1
2-BTV8 6dpi 50,0.0,BTV8,6,0.0,0
2-BTV8 6dpi 51,479.0,BTV8,6,6.173786103901937,1
2-BTV8 6dpi 52,129.0,BTV8,6,4.867534450455582,1
2-BTV8 6dpi 53,503.0,BTV8,6,6.222576268071369,1
2-BTV8 6dpi 54,136.0,BTV8,6,4.919980925828125,1
2-BTV8 6dpi 55,1480.0,BTV8,6,7.300472814267799,1
2-BTV8 6dpi 56,0.0,BTV8,6,0.0,0
2-BTV8 6dpi 57,0.0,BTV8,6,0.0,0
2-BTV8 6dpi 58,584.0,BTV8,6,6.371611847231857,1
2-BTV8 6dpi 59,0.0,BTV8,6,0.0,0
2-BTV8 6dpi 60,0.0,BTV8,6,0.0,0
2-BTV8 6dpi 61,0.0,BTV8,6,0.0,0
2-BTV8 6dpi 62,118.0,BTV8,6,4.77912349311153,1
2-BTV8 6dpi 63,0.0,BTV8,6,0.0,0
2-BTV8 6dpi 64,0.0,BTV8,6,0.0,0
2-BTV8 6dpi 65,0.0,BTV8,6,0.0,0
2-BTV8 6dpi 66,23300000.0,BTV8,6,16.963963961454382,1
2-BTV8 6dpi 67,379.0,BTV8,6,5.940171252720432,1
2-BTV8 6dpi 68,0.0,BTV8,6,0.0,0
2-BTV8 6dpi 69,0.0,BTV8,6,0.0,0
2-BTV8 6dpi 70,0.0,BTV8,6,0.0,0
2-BTV8 6dpi 71,120.0,BTV8,6,4.795790545596741,1
2-BTV8 6dpi 72,132000.0,BTV8,6,11.790564777297387,1
2-BTV8 6dpi 73,0.0,BTV8,6,0.0,0
2-BTV8 6dpi 74,125.0,BTV8,6,4.836281906951478,1
2-BTV8 6dpi 75,0.0,BTV8,6,0.0,0
2-BTV8 6dpi 76,0.0,BTV8,6,0.0,0
2-BTV8 6dpi 77,137.0,BTV8,6,4.927253685157205,1
2-BTV8 6dpi 78,27000.0,BTV8,6,10.203629181337648,1
2-BTV8 6dpi 79,0.0,BTV8,6,0.0,0
2-BTV8 6dpi 80,0.0,BTV8,6,0.0,0
2-BTV8 6dpi 81,76600.0,BTV8,6,11.246365410473757,1
2-BTV8 6dpi 82,0.0,BTV8,6,0.0,0
2-BTV8 6dpi 83,0.0,BTV8,6,0.0,0
2-BTV8 6dpi 84,0.0,BTV8,6,0.0,0
2-BTV8 6dpi 85,0.0,BTV8,6,0.0,0
2-BTV8 6dpi 86,245.0,BTV8,6,5.5053315359323625,1
2-BTV8 6dpi 87,0.0,BTV8,6,0.0,0
2-BTV8 6dpi 88,129.0,BTV8,6,4.867534450455582,1
2-BTV8 6dpi 89,1710.0,BTV8,6,7.444833273892193,1
2-BTV8 6dpi 90,119.0,BTV8,6,4.787491742782046,1
2-BTV8 6dpi 91,12200.0,BTV8,6,9.409273194575334,1
2-BTV8 6dpi 92,99.8,BTV8,6,4.613138355637268,1
2-BTV8 6dpi 93,0.0,BTV8,6,0.0,0
2-BTV8 6dpi 94,0.0,BTV8,6,0.0,0
2-BTV8 6dpi 95,401.0,BTV8,6,5.996452088619021,1
2-BTV8 6dpi 96,105.0,BTV8,6,4.663439094112067,1
2-BTV8 6dpi 97,116.0,BTV8,6,4.762173934797756,1
2-BTV8 6dpi 98,0.0,BTV8,6,0.0,0
2-BTV8 6dpi 99,487.0,BTV8,6,6.1903154058531475,1
2-BTV8 6dpi 100,0.0,BTV8,6,0.0,0
2-BTV8 6dpi 101,46100.0,BTV8,6,10.738589920723442,1
2-BTV8 6dpi 102,17900.0,BTV8,6,9.792611856190192,1
2-BTV8 6dpi 103,0.0,BTV8,6,0.0,0
2-BTV8 6dpi 104,0.0,BTV8,6,0.0,0
2-BTV8 6dpi 105,0.0,BTV8,6,0.0,0
2-BTV8 6dpi 106,0.0,BTV8,6,0.0,0
2-BTV8 6dpi 107,77000.0,BTV8,6,11.251573687764477,1
2-BTV8 6dpi 108,29900.0,BTV8,6,10.305647203635566,1
2-BTV8 6dpi 109,0.0,BTV8,6,0.0,0
2-BTV8 6dpi 110,0.0,BTV8,6,0.0,0
2-BTV8 6dpi 111,0.0,BTV8,6,0.0,0
2-BTV8 6dpi 112,213.0,BTV8,6,5.365976015021851,1
2-BTV8 6dpi 113,0.0,BTV8,6,0.0,0
2-BTV8 6dpi 114,0.0,BTV8,6,0.0,0
2-BTV8 6dpi 115,0.0,BTV8,6,0.0,0
2-BTV8 6dpi 116,0.0,BTV8,6,0.0,0
2-BTV8 6dpi 117,0.0,BTV8,6,0.0,0
2-BTV8 6dpi 118,0.0,BTV8,6,0.0,0
2-BTV8 6dpi 119,93700000.0,BTV8,6,18.355608757881008,1
2-BTV8 6dpi 120,631.0,BTV8,6,6.448889394146858,1
2-BTV8 6dpi 121,0.0,BTV8,6,0.0,0
2-BTV8 6dpi 122,102.0,BTV8,6,4.634728988229636,1
2-BTV8 6dpi 123,386.0,BTV8,6,5.958424693029782,1
2-BTV8 6dpi 124,207.0,BTV8,6,5.337538079701318,1
2-BTV8 6dpi 125,0.0,BTV8,6,0.0,0
2-BTV8 6dpi 126,0.0,BTV8,6,0.0,0
2-BTV8 6dpi 127,0.0,BTV8,6,0.0,0
2-BTV8 6dpi 128,0.0,BTV8,6,0.0,0
2-BTV8 6dpi 129,118.0,BTV8,6,4.77912349311153,1
2-BTV8 6dpi 130,134.0,BTV8,6,4.90527477843843,1
2-BTV8 6dpi 131,0.0,BTV8,6,0.0,0
2-BTV8 6dpi 132,0.0,BTV8,6,0.0,0
2-BTV8 6dpi 133,114.0,BTV8,6,4.74493212836325,1
2-BTV8 6dpi 134,0.0,BTV8,6,0.0,0
2-BTV8 6dpi 135,49.4,BTV8,6,3.919991175077323,1
2-BTV8 6dpi 136,0.0,BTV8,6,0.0,0
2-BTV8 6dpi 137,0.0,BTV8,6,0.0,0
2-BTV8 6dpi 138,132.0,BTV8,6,4.890349128221754,1
2-BTV8 6dpi 139,0.0,BTV8,6,0.0,0
2-BTV8 6dpi 140,0.0,BTV8,6,0.0,0
2-BTV8 6dpi 141,953.0,BTV8,6,6.860663671448287,1
2-BTV8 6dpi 142,0.0,BTV8,6,0.0,0
2-BTV8 6dpi 143,2470.0,BTV8,6,7.81237820598861,1
2-BTV8 6dpi 144,128000000.0,BTV8,6,18.667540829696392,1
2-BTV8 6dpi 145,386.0,BTV8,6,5.958424693029782,1
2-BTV8 6dpi 146,126.0,BTV8,6,4.844187086458591,1
2-BTV8 6dpi 147,0.0,BTV8,6,0.0,0
2-BTV8 6dpi 148,0.0,BTV8,6,0.0,0
2-BTV8 6dpi 149,454.0,BTV8,6,6.12029741895095,1
2-BTV8 6dpi 150,227.0,BTV8,6,5.429345628954441,1
2-BTV8 6dpi 151,1920.0,BTV8,6,7.560601162768557,1
2-BTV8 6dpi 152,902.0,BTV8,6,6.805722553416985,1
2-BTV8 6dpi 153,12500.0,BTV8,6,9.433563920090563,1
2-BTV8 6dpi 154,0.0,BTV8,6,0.0,0
2-BTV8 6dpi 155,525.0,BTV8,6,6.26530121273771,1
2-BTV8 6dpi 156,123.0,BTV8,6,4.820281565605037,1
2-BTV8 6dpi 157,763.0,BTV8,6,6.638567789166521,1
2-BTV8 6dpi 158,0.0,BTV8,6,0.0,0
2-BTV8 6dpi 159,1260.0,BTV8,6,7.13966033596492,1
2-BTV8 6dpi 160,0.0,BTV8,6,0.0,0
2-BTV8 6dpi 161,0.0,BTV8,6,0.0,0
2-BTV8 6dpi 162,110.0,BTV8,6,4.709530201312334,1
2-BTV8 6dpi 163,0.0,BTV8,6,0.0,0
2-BTV8 6dpi 164,0.0,BTV8,6,0.0,0
2-BTV8 6dpi 165,0.0,BTV8,6,0.0,0
2-BTV8 6dpi 166,0.0,BTV8,6,0.0,0
2-BTV8 6dpi 167,51.0,BTV8,6,3.9512437185814275,1
2-BTV8 6dpi 168,0.0,BTV8,6,0.0,0
2-BTV8 6dpi 169,34.0,BTV8,6,3.5553480614894135,1
2-BTV8 6dpi 170,105.0,BTV8,6,4.663439094112067,1
2-BTV8 6dpi 171,0.0,BTV8,6,0.0,0
2-BTV8 6dpi 172,429.0,BTV8,6,6.063785208687608,1
2-BTV8 6dpi 173,935.0,BTV8,6,6.841615476477592,1
2-BTV8 6dpi 174,269.0,BTV8,6,5.598421958998375,1
2-BTV8 6dpi 175,0.0,BTV8,6,0.0,0
2-BTV8 6dpi 176,0.0,BTV8,6,0.0,0
2-BTV8 6dpi 177,0.0,BTV8,6,0.0,0
2-BTV8 6dpi 178,0.0,BTV8,6,0.0,0
2-BTV8 6dpi 179,58.0,BTV8,6,4.07753744390572,1
2-BTV8 6dpi 180,45.6,BTV8,6,3.8416005411316,1
2-BTV8 6dpi 181,0.0,BTV8,6,0.0,0
2-BTV8 6dpi 182,51.8,BTV8,6,3.966511190712216,1
2-BTV8 6dpi 183,0.0,BTV8,6,0.0,0
2-BTV8 6dpi 184,184.0,BTV8,6,5.220355825078324,1
2-BTV8 6dpi 185,228.0,BTV8,6,5.43372200355424,1
2-BTV8 6dpi 186,0.0,BTV8,6,0.0,0
2-BTV8 6dpi 187,976000.0,BTV8,6,13.791218889984869,1
2-BTV8 6dpi 188,57.5,BTV8,6,4.069026754237811,1
2-BTV8 6dpi 189,459.0,BTV8,6,6.131226489483141,1
2-BTV8 6dpi 190,0.0,BTV8,6,0.0,0
2-BTV8 6dpi 191,200.0,BTV8,6,5.303304908059076,1
2-BTV8 6dpi 192,618.0,BTV8,6,6.428105272684596,1
2-BTV8 6dpi 193,808.0,BTV8,6,6.695798917058491,1
2-BTV8 6dpi 194,127.0,BTV8,6,4.852030263919617,1
2-BTV8 6dpi 195,0.0,BTV8,6,0.0,0
2-BTV8 6dpi 196,110.0,BTV8,6,4.709530201312334,1
2-BTV8 6dpi 197,102.0,BTV8,6,4.634728988229636,1
2-BTV8 6dpi 198,0.0,BTV8,6,0.0,0
2-BTV8 6dpi 199,0.0,BTV8,6,0.0,0
2-BTV8 6dpi 200,0.0,BTV8,6,0.0,0
2-BTV8 6dpi 201,0.0,BTV8,6,0.0,0
2-BTV8 6dpi 202,0.0,BTV8,6,0.0,0
2-BTV8 6dpi 203,379.0,BTV8,6,5.940171252720432,1
2-BTV8 6dpi 204,0.0,BTV8,6,0.0,0
2-BTV8 6dpi 205,0.0,BTV8,6,0.0,0
2-BTV8 6dpi 206,0.0,BTV8,6,0.0,0
2-BTV8 6dpi 207,0.0,BTV8,6,0.0,0
2-BTV8 6dpi 208,68800000.0,BTV8,6,18.046714317438457,1
2-BTV8 6dpi 209,56000000.0,BTV8,6,17.840862266556567,1
2-BTV8 6dpi 210,0.0,BTV8,6,0.0,0
2-BTV8 6dpi 211,930000.0,BTV8,6,13.742940940397677,1
2-BTV8 6dpi 212,178.0,BTV8,6,5.187385805840755,1
2-BTV8 6dpi 213,0.0,BTV8,6,0.0,0
2-BTV8 6dpi 214,305.0,BTV8,6,5.723585101952381,1
2-BTV8 6dpi 215,0.0,BTV8,6,0.0,0
2-BTV8 6dpi 216,55200.0,BTV8,6,10.918736348043124,1
2-BTV8 6dpi 217,0.0,BTV8,6,0.0,0
2-BTV8 6dpi 218,0.0,BTV8,6,0.0,0
2-BTV8 6dpi 219,0.0,BTV8,6,0.0,0
2-BTV8 6dpi 220,0.0,BTV8,6,0.0,0
2-BTV8 6dpi 221,69.6,BTV8,6,4.257030144499196,1
2-BTV8 6dpi 222,266.0,BTV8,6,5.58724865840025,1
