BEGIN TRANSACTION;
CREATE TABLE essai (
    id_essai  INTEGER PRIMARY KEY,        -- [MySQL] INT PRIMARY KEY
    libelle   TEXT NOT NULL
);
INSERT INTO "essai" VALUES(1,'Essai 1');
INSERT INTO "essai" VALUES(2,'Essai 2');
CREATE TABLE image (
    id_image  INTEGER PRIMARY KEY,
    fichier   TEXT NOT NULL,
    classe    TEXT NOT NULL,               -- sain / malade
    severite  TEXT,                         -- healthy / mild / moderate / severe
    source    TEXT,                         -- stock / pdf_clinique
    split     TEXT                          -- train / val / test
);
INSERT INTO "image" VALUES(1,'healthy_train_0000.jpg','sain','healthy','stock','train');
INSERT INTO "image" VALUES(2,'healthy_train_0001.jpg','sain','healthy','stock','train');
INSERT INTO "image" VALUES(3,'healthy_train_0002.jpg','sain','healthy','stock','train');
INSERT INTO "image" VALUES(4,'healthy_train_0003.jpg','sain','healthy','stock','train');
INSERT INTO "image" VALUES(5,'healthy_train_0004.jpg','sain','healthy','stock','train');
INSERT INTO "image" VALUES(6,'healthy_train_0005.jpg','sain','healthy','stock','train');
INSERT INTO "image" VALUES(7,'healthy_train_0006.jpg','sain','healthy','stock','train');
INSERT INTO "image" VALUES(8,'healthy_train_0007.jpg','sain','healthy','stock','train');
INSERT INTO "image" VALUES(9,'healthy_train_0008.jpg','sain','healthy','stock','train');
INSERT INTO "image" VALUES(10,'healthy_train_0009.jpg','sain','healthy','stock','train');
INSERT INTO "image" VALUES(11,'healthy_train_0010.jpg','sain','healthy','stock','train');
INSERT INTO "image" VALUES(12,'healthy_train_0011.jpg','sain','healthy','stock','train');
INSERT INTO "image" VALUES(13,'healthy_train_0012.jpg','sain','healthy','stock','train');
INSERT INTO "image" VALUES(14,'healthy_train_0013.jpg','sain','healthy','stock','train');
INSERT INTO "image" VALUES(15,'healthy_train_0014.jpg','sain','healthy','stock','train');
INSERT INTO "image" VALUES(16,'healthy_train_0015.jpg','sain','healthy','stock','train');
INSERT INTO "image" VALUES(17,'mild_train_0001.png','malade','mild','pdf_clinique','train');
INSERT INTO "image" VALUES(18,'mild_train_0002.png','malade','mild','pdf_clinique','train');
INSERT INTO "image" VALUES(19,'mild_train_0004.png','malade','mild','pdf_clinique','train');
INSERT INTO "image" VALUES(20,'mild_train_0005.png','malade','mild','pdf_clinique','train');
INSERT INTO "image" VALUES(21,'mild_train_0007.png','malade','mild','pdf_clinique','train');
INSERT INTO "image" VALUES(22,'mild_train_0009.png','malade','mild','pdf_clinique','train');
INSERT INTO "image" VALUES(23,'mild_train_0012.png','malade','mild','pdf_clinique','train');
INSERT INTO "image" VALUES(24,'mild_train_0013.png','malade','mild','pdf_clinique','train');
INSERT INTO "image" VALUES(25,'mild_train_0014.png','malade','mild','pdf_clinique','train');
INSERT INTO "image" VALUES(26,'mild_train_0016.png','malade','mild','pdf_clinique','train');
INSERT INTO "image" VALUES(27,'mild_train_0018.png','malade','mild','pdf_clinique','train');
INSERT INTO "image" VALUES(28,'mild_train_0019.png','malade','mild','pdf_clinique','train');
INSERT INTO "image" VALUES(29,'mild_train_0020.png','malade','mild','pdf_clinique','train');
INSERT INTO "image" VALUES(30,'mild_train_0026.png','malade','mild','pdf_clinique','train');
INSERT INTO "image" VALUES(31,'mild_train_0027.png','malade','mild','pdf_clinique','train');
INSERT INTO "image" VALUES(32,'mild_train_0028.png','malade','mild','pdf_clinique','train');
INSERT INTO "image" VALUES(33,'mild_train_0031.png','malade','mild','pdf_clinique','train');
INSERT INTO "image" VALUES(34,'mild_train_0033.png','malade','mild','pdf_clinique','train');
INSERT INTO "image" VALUES(35,'mild_train_0034.png','malade','mild','pdf_clinique','train');
INSERT INTO "image" VALUES(36,'mild_train_0036.png','malade','mild','pdf_clinique','train');
INSERT INTO "image" VALUES(37,'mild_train_0038.png','malade','mild','pdf_clinique','train');
INSERT INTO "image" VALUES(38,'mild_train_0040.png','malade','mild','pdf_clinique','train');
INSERT INTO "image" VALUES(39,'mild_train_0041.png','malade','mild','pdf_clinique','train');
INSERT INTO "image" VALUES(40,'mild_train_0042.png','malade','mild','pdf_clinique','train');
INSERT INTO "image" VALUES(41,'mild_train_0043.png','malade','mild','pdf_clinique','train');
INSERT INTO "image" VALUES(42,'mild_train_0044.png','malade','mild','pdf_clinique','train');
INSERT INTO "image" VALUES(43,'mild_train_0045.png','malade','mild','pdf_clinique','train');
INSERT INTO "image" VALUES(44,'mild_train_0046.png','malade','mild','pdf_clinique','train');
INSERT INTO "image" VALUES(45,'mild_train_0047.png','malade','mild','pdf_clinique','train');
INSERT INTO "image" VALUES(46,'mild_train_0048.png','malade','mild','pdf_clinique','train');
INSERT INTO "image" VALUES(47,'mild_train_0050.png','malade','mild','pdf_clinique','train');
INSERT INTO "image" VALUES(48,'mild_train_0054.png','malade','mild','pdf_clinique','train');
INSERT INTO "image" VALUES(49,'mild_train_0056.png','malade','mild','pdf_clinique','train');
INSERT INTO "image" VALUES(50,'mild_train_0060.png','malade','mild','pdf_clinique','train');
INSERT INTO "image" VALUES(51,'mild_train_0061.png','malade','mild','pdf_clinique','train');
INSERT INTO "image" VALUES(52,'mild_train_0063.png','malade','mild','pdf_clinique','train');
INSERT INTO "image" VALUES(53,'mild_train_0065.png','malade','mild','pdf_clinique','train');
INSERT INTO "image" VALUES(54,'mild_train_0066.png','malade','mild','pdf_clinique','train');
INSERT INTO "image" VALUES(55,'mild_train_0067.png','malade','mild','pdf_clinique','train');
INSERT INTO "image" VALUES(56,'mild_train_0068.png','malade','mild','pdf_clinique','train');
INSERT INTO "image" VALUES(57,'mild_train_0070.png','malade','mild','pdf_clinique','train');
INSERT INTO "image" VALUES(58,'moderate_train_0003.png','malade','moderate','pdf_clinique','train');
INSERT INTO "image" VALUES(59,'severe_train_0000.png','malade','severe','pdf_clinique','train');
INSERT INTO "image" VALUES(60,'severe_train_0001.png','malade','severe','pdf_clinique','train');
INSERT INTO "image" VALUES(61,'severe_train_0002.png','malade','severe','pdf_clinique','train');
INSERT INTO "image" VALUES(62,'severe_train_0003.png','malade','severe','pdf_clinique','train');
INSERT INTO "image" VALUES(63,'severe_train_0004.png','malade','severe','pdf_clinique','train');
INSERT INTO "image" VALUES(64,'severe_train_0005.png','malade','severe','pdf_clinique','train');
INSERT INTO "image" VALUES(65,'severe_train_0006.png','malade','severe','pdf_clinique','train');
INSERT INTO "image" VALUES(66,'severe_train_0007.png','malade','severe','pdf_clinique','train');
INSERT INTO "image" VALUES(67,'severe_train_0008.png','malade','severe','pdf_clinique','train');
INSERT INTO "image" VALUES(68,'severe_train_0009.png','malade','severe','pdf_clinique','train');
INSERT INTO "image" VALUES(69,'severe_train_0010.png','malade','severe','pdf_clinique','train');
INSERT INTO "image" VALUES(70,'severe_train_0011.png','malade','severe','pdf_clinique','train');
INSERT INTO "image" VALUES(71,'severe_train_0012.png','malade','severe','pdf_clinique','train');
INSERT INTO "image" VALUES(72,'severe_train_0013.png','malade','severe','pdf_clinique','train');
INSERT INTO "image" VALUES(73,'severe_train_0014.png','malade','severe','pdf_clinique','train');
INSERT INTO "image" VALUES(74,'severe_train_0015.png','malade','severe','pdf_clinique','train');
INSERT INTO "image" VALUES(75,'healthy_val_0000.jpg','sain','healthy','stock','val');
INSERT INTO "image" VALUES(76,'healthy_val_0001.jpg','sain','healthy','stock','val');
INSERT INTO "image" VALUES(77,'healthy_val_0002.jpg','sain','healthy','stock','val');
INSERT INTO "image" VALUES(78,'mild_val_0002.png','malade','mild','pdf_clinique','val');
INSERT INTO "image" VALUES(79,'mild_val_0003.png','malade','mild','pdf_clinique','val');
INSERT INTO "image" VALUES(80,'mild_val_0004.png','malade','mild','pdf_clinique','val');
INSERT INTO "image" VALUES(81,'mild_val_0006.png','malade','mild','pdf_clinique','val');
INSERT INTO "image" VALUES(82,'mild_val_0008.png','malade','mild','pdf_clinique','val');
INSERT INTO "image" VALUES(83,'mild_val_0011.png','malade','mild','pdf_clinique','val');
INSERT INTO "image" VALUES(84,'mild_val_0014.png','malade','mild','pdf_clinique','val');
INSERT INTO "image" VALUES(85,'severe_val_0000.png','malade','severe','pdf_clinique','val');
INSERT INTO "image" VALUES(86,'severe_val_0001.png','malade','severe','pdf_clinique','val');
INSERT INTO "image" VALUES(87,'severe_val_0002.png','malade','severe','pdf_clinique','val');
INSERT INTO "image" VALUES(88,'healthy_test_0000.jpg','sain','healthy','stock','test');
INSERT INTO "image" VALUES(89,'healthy_test_0001.jpg','sain','healthy','stock','test');
INSERT INTO "image" VALUES(90,'healthy_test_0002.jpg','sain','healthy','stock','test');
INSERT INTO "image" VALUES(91,'healthy_test_0003.jpg','sain','healthy','stock','test');
INSERT INTO "image" VALUES(92,'healthy_test_0004.jpg','sain','healthy','stock','test');
INSERT INTO "image" VALUES(93,'mild_test_0001.png','malade','mild','pdf_clinique','test');
INSERT INTO "image" VALUES(94,'mild_test_0002.png','malade','mild','pdf_clinique','test');
INSERT INTO "image" VALUES(95,'mild_test_0005.png','malade','mild','pdf_clinique','test');
INSERT INTO "image" VALUES(96,'mild_test_0006.png','malade','mild','pdf_clinique','test');
INSERT INTO "image" VALUES(97,'mild_test_0007.png','malade','mild','pdf_clinique','test');
INSERT INTO "image" VALUES(98,'mild_test_0010.png','malade','mild','pdf_clinique','test');
INSERT INTO "image" VALUES(99,'mild_test_0011.png','malade','mild','pdf_clinique','test');
INSERT INTO "image" VALUES(100,'mild_test_0012.png','malade','mild','pdf_clinique','test');
INSERT INTO "image" VALUES(101,'mild_test_0013.png','malade','mild','pdf_clinique','test');
INSERT INTO "image" VALUES(102,'mild_test_0015.png','malade','mild','pdf_clinique','test');
INSERT INTO "image" VALUES(103,'moderate_test_0001.png','malade','moderate','pdf_clinique','test');
INSERT INTO "image" VALUES(104,'severe_test_0000.png','malade','severe','pdf_clinique','test');
INSERT INTO "image" VALUES(105,'severe_test_0001.png','malade','severe','pdf_clinique','test');
INSERT INTO "image" VALUES(106,'severe_test_0002.png','malade','severe','pdf_clinique','test');
INSERT INTO "image" VALUES(107,'severe_test_0003.png','malade','severe','pdf_clinique','test');
INSERT INTO "image" VALUES(108,'severe_test_0004.png','malade','severe','pdf_clinique','test');
CREATE TABLE mesure_virale (
    id_mesure      INTEGER PRIMARY KEY,    -- [MySQL] INT AUTO_INCREMENT
    id_individu    INTEGER NOT NULL,
    id_essai       INTEGER NOT NULL,
    id_serotype    INTEGER NOT NULL,
    dpi            INTEGER NOT NULL,        -- jour post-infection (0 ou 6)
    genome_copies  REAL    NOT NULL,        -- charge virale
    detectable     INTEGER NOT NULL,        -- 1 si genome_copies > 0
    FOREIGN KEY (id_essai)    REFERENCES essai(id_essai),
    FOREIGN KEY (id_serotype) REFERENCES serotype(id_serotype)
);
INSERT INTO "mesure_virale" VALUES(1,1,1,1,0,0.0,0);
INSERT INTO "mesure_virale" VALUES(2,2,1,1,0,0.0,0);
INSERT INTO "mesure_virale" VALUES(3,3,1,1,0,0.0,0);
INSERT INTO "mesure_virale" VALUES(4,4,1,1,0,0.0,0);
INSERT INTO "mesure_virale" VALUES(5,5,1,1,0,0.0,0);
INSERT INTO "mesure_virale" VALUES(6,6,1,1,0,0.0,0);
INSERT INTO "mesure_virale" VALUES(7,7,1,1,0,0.0,0);
INSERT INTO "mesure_virale" VALUES(8,8,1,1,0,0.0,0);
INSERT INTO "mesure_virale" VALUES(9,9,1,1,0,0.0,0);
INSERT INTO "mesure_virale" VALUES(10,10,1,1,0,0.0,0);
INSERT INTO "mesure_virale" VALUES(11,11,1,1,0,0.0,0);
INSERT INTO "mesure_virale" VALUES(12,12,1,1,0,0.0,0);
INSERT INTO "mesure_virale" VALUES(13,13,1,1,0,0.0,0);
INSERT INTO "mesure_virale" VALUES(14,14,1,1,0,0.0,0);
INSERT INTO "mesure_virale" VALUES(15,15,1,1,0,0.0,0);
INSERT INTO "mesure_virale" VALUES(16,16,1,1,0,0.0,0);
INSERT INTO "mesure_virale" VALUES(17,1,1,2,0,19400.0,1);
INSERT INTO "mesure_virale" VALUES(18,2,1,2,0,25100.0,1);
INSERT INTO "mesure_virale" VALUES(19,3,1,2,0,28300.0,1);
INSERT INTO "mesure_virale" VALUES(20,4,1,2,0,19000.0,1);
INSERT INTO "mesure_virale" VALUES(21,5,1,2,0,59000.0,1);
INSERT INTO "mesure_virale" VALUES(22,6,1,2,0,18200.0,1);
INSERT INTO "mesure_virale" VALUES(23,7,1,2,0,17300.0,1);
INSERT INTO "mesure_virale" VALUES(24,8,1,2,0,44000.0,1);
INSERT INTO "mesure_virale" VALUES(25,9,1,2,0,29400.0,1);
INSERT INTO "mesure_virale" VALUES(26,10,1,2,0,26700.0,1);
INSERT INTO "mesure_virale" VALUES(27,11,1,2,0,38200.0,1);
INSERT INTO "mesure_virale" VALUES(28,12,1,2,0,39700.0,1);
INSERT INTO "mesure_virale" VALUES(29,13,1,2,0,44000.0,1);
INSERT INTO "mesure_virale" VALUES(30,14,1,2,0,15500.0,1);
INSERT INTO "mesure_virale" VALUES(31,15,1,2,0,22200.0,1);
INSERT INTO "mesure_virale" VALUES(32,16,1,2,0,28900.0,1);
INSERT INTO "mesure_virale" VALUES(33,1,1,3,0,132000.0,1);
INSERT INTO "mesure_virale" VALUES(34,2,1,3,0,199000.0,1);
INSERT INTO "mesure_virale" VALUES(35,3,1,3,0,104000.0,1);
INSERT INTO "mesure_virale" VALUES(36,4,1,3,0,182000.0,1);
INSERT INTO "mesure_virale" VALUES(37,5,1,3,0,118000.0,1);
INSERT INTO "mesure_virale" VALUES(38,6,1,3,0,46300.0,1);
INSERT INTO "mesure_virale" VALUES(39,7,1,3,0,205000.0,1);
INSERT INTO "mesure_virale" VALUES(40,8,1,3,0,169000.0,1);
INSERT INTO "mesure_virale" VALUES(41,9,1,3,0,182000.0,1);
INSERT INTO "mesure_virale" VALUES(42,10,1,3,0,313000.0,1);
INSERT INTO "mesure_virale" VALUES(43,11,1,3,0,107000.0,1);
INSERT INTO "mesure_virale" VALUES(44,12,1,3,0,233000.0,1);
INSERT INTO "mesure_virale" VALUES(45,13,1,3,0,145000.0,1);
INSERT INTO "mesure_virale" VALUES(46,14,1,3,0,130000.0,1);
INSERT INTO "mesure_virale" VALUES(47,15,1,3,0,126000.0,1);
INSERT INTO "mesure_virale" VALUES(48,16,1,3,0,120000.0,1);
INSERT INTO "mesure_virale" VALUES(49,1,1,1,6,0.0,0);
INSERT INTO "mesure_virale" VALUES(50,2,1,1,6,0.0,0);
INSERT INTO "mesure_virale" VALUES(51,3,1,1,6,0.0,0);
INSERT INTO "mesure_virale" VALUES(52,4,1,1,6,0.0,0);
INSERT INTO "mesure_virale" VALUES(53,5,1,1,6,0.0,0);
INSERT INTO "mesure_virale" VALUES(54,6,1,1,6,0.0,0);
INSERT INTO "mesure_virale" VALUES(55,7,1,1,6,0.0,0);
INSERT INTO "mesure_virale" VALUES(56,8,1,1,6,0.0,0);
INSERT INTO "mesure_virale" VALUES(57,9,1,1,6,0.0,0);
INSERT INTO "mesure_virale" VALUES(58,10,1,1,6,0.0,0);
INSERT INTO "mesure_virale" VALUES(59,11,1,1,6,0.0,0);
INSERT INTO "mesure_virale" VALUES(60,12,1,1,6,0.0,0);
INSERT INTO "mesure_virale" VALUES(61,13,1,1,6,0.0,0);
INSERT INTO "mesure_virale" VALUES(62,14,1,1,6,0.0,0);
INSERT INTO "mesure_virale" VALUES(63,15,1,1,6,0.0,0);
INSERT INTO "mesure_virale" VALUES(64,16,1,1,6,0.0,0);
INSERT INTO "mesure_virale" VALUES(65,1,1,2,6,0.0,0);
INSERT INTO "mesure_virale" VALUES(66,2,1,2,6,0.0,0);
INSERT INTO "mesure_virale" VALUES(67,3,1,2,6,0.0,0);
INSERT INTO "mesure_virale" VALUES(68,4,1,2,6,63.6,1);
INSERT INTO "mesure_virale" VALUES(69,5,1,2,6,194.0,1);
INSERT INTO "mesure_virale" VALUES(70,6,1,2,6,0.0,0);
INSERT INTO "mesure_virale" VALUES(71,7,1,2,6,84.3,1);
INSERT INTO "mesure_virale" VALUES(72,8,1,2,6,0.0,0);
INSERT INTO "mesure_virale" VALUES(73,9,1,2,6,0.0,0);
INSERT INTO "mesure_virale" VALUES(74,10,1,2,6,0.0,0);
INSERT INTO "mesure_virale" VALUES(75,11,1,2,6,0.0,0);
INSERT INTO "mesure_virale" VALUES(76,12,1,2,6,219000000.0,1);
INSERT INTO "mesure_virale" VALUES(77,13,1,2,6,0.0,0);
INSERT INTO "mesure_virale" VALUES(78,14,1,2,6,0.0,0);
INSERT INTO "mesure_virale" VALUES(79,15,1,2,6,0.0,0);
INSERT INTO "mesure_virale" VALUES(80,16,1,2,6,0.0,0);
INSERT INTO "mesure_virale" VALUES(81,17,1,2,6,0.0,0);
INSERT INTO "mesure_virale" VALUES(82,18,1,2,6,85600000.0,1);
INSERT INTO "mesure_virale" VALUES(83,19,1,2,6,0.0,0);
INSERT INTO "mesure_virale" VALUES(84,20,1,2,6,0.0,0);
INSERT INTO "mesure_virale" VALUES(85,21,1,2,6,94.7,1);
INSERT INTO "mesure_virale" VALUES(86,22,1,2,6,0.0,0);
INSERT INTO "mesure_virale" VALUES(87,23,1,2,6,0.0,0);
INSERT INTO "mesure_virale" VALUES(88,24,1,2,6,258.0,1);
INSERT INTO "mesure_virale" VALUES(89,25,1,2,6,0.0,0);
INSERT INTO "mesure_virale" VALUES(90,26,1,2,6,135000000.0,1);
INSERT INTO "mesure_virale" VALUES(91,27,1,2,6,0.0,0);
INSERT INTO "mesure_virale" VALUES(92,28,1,2,6,0.0,0);
INSERT INTO "mesure_virale" VALUES(93,29,1,2,6,0.0,0);
INSERT INTO "mesure_virale" VALUES(94,30,1,2,6,237.0,1);
INSERT INTO "mesure_virale" VALUES(95,31,1,2,6,250.0,1);
INSERT INTO "mesure_virale" VALUES(96,32,1,2,6,0.0,0);
INSERT INTO "mesure_virale" VALUES(97,33,1,2,6,0.0,0);
INSERT INTO "mesure_virale" VALUES(98,34,1,2,6,0.0,0);
INSERT INTO "mesure_virale" VALUES(99,35,1,2,6,95.4,1);
INSERT INTO "mesure_virale" VALUES(100,36,1,2,6,0.0,0);
INSERT INTO "mesure_virale" VALUES(101,37,1,2,6,3190.0,1);
INSERT INTO "mesure_virale" VALUES(102,38,1,2,6,0.0,0);
INSERT INTO "mesure_virale" VALUES(103,39,1,2,6,0.0,0);
INSERT INTO "mesure_virale" VALUES(104,40,1,2,6,120.0,1);
INSERT INTO "mesure_virale" VALUES(105,41,1,2,6,0.0,0);
INSERT INTO "mesure_virale" VALUES(106,42,1,2,6,0.0,0);
INSERT INTO "mesure_virale" VALUES(107,43,1,2,6,24100.0,1);
INSERT INTO "mesure_virale" VALUES(108,44,1,2,6,1500.0,1);
INSERT INTO "mesure_virale" VALUES(109,45,1,2,6,130.0,1);
INSERT INTO "mesure_virale" VALUES(110,46,1,2,6,0.0,0);
INSERT INTO "mesure_virale" VALUES(111,47,1,2,6,0.0,0);
INSERT INTO "mesure_virale" VALUES(112,48,1,2,6,0.0,0);
INSERT INTO "mesure_virale" VALUES(113,49,1,2,6,0.0,0);
INSERT INTO "mesure_virale" VALUES(114,50,1,2,6,0.0,0);
INSERT INTO "mesure_virale" VALUES(115,51,1,2,6,0.0,0);
INSERT INTO "mesure_virale" VALUES(116,52,1,2,6,0.0,0);
INSERT INTO "mesure_virale" VALUES(117,53,1,2,6,0.0,0);
INSERT INTO "mesure_virale" VALUES(118,54,1,2,6,0.0,0);
INSERT INTO "mesure_virale" VALUES(119,55,1,2,6,0.0,0);
INSERT INTO "mesure_virale" VALUES(120,56,1,2,6,85.5,1);
INSERT INTO "mesure_virale" VALUES(121,57,1,2,6,0.0,0);
INSERT INTO "mesure_virale" VALUES(122,58,1,2,6,0.0,0);
INSERT INTO "mesure_virale" VALUES(123,59,1,2,6,0.0,0);
INSERT INTO "mesure_virale" VALUES(124,60,1,2,6,280.0,1);
INSERT INTO "mesure_virale" VALUES(125,61,1,2,6,0.0,0);
INSERT INTO "mesure_virale" VALUES(126,62,1,2,6,0.0,0);
INSERT INTO "mesure_virale" VALUES(127,63,1,2,6,0.0,0);
INSERT INTO "mesure_virale" VALUES(128,64,1,2,6,0.0,0);
INSERT INTO "mesure_virale" VALUES(129,65,1,2,6,115.0,1);
INSERT INTO "mesure_virale" VALUES(130,66,1,2,6,0.0,0);
INSERT INTO "mesure_virale" VALUES(131,67,1,2,6,0.0,0);
INSERT INTO "mesure_virale" VALUES(132,68,1,2,6,136.0,1);
INSERT INTO "mesure_virale" VALUES(133,69,1,2,6,0.0,0);
INSERT INTO "mesure_virale" VALUES(134,70,1,2,6,0.0,0);
INSERT INTO "mesure_virale" VALUES(135,71,1,2,6,0.0,0);
INSERT INTO "mesure_virale" VALUES(136,72,1,2,6,0.0,0);
INSERT INTO "mesure_virale" VALUES(137,73,1,2,6,0.0,0);
INSERT INTO "mesure_virale" VALUES(138,74,1,2,6,0.0,0);
INSERT INTO "mesure_virale" VALUES(139,75,1,2,6,0.0,0);
INSERT INTO "mesure_virale" VALUES(140,76,1,2,6,0.0,0);
INSERT INTO "mesure_virale" VALUES(141,77,1,2,6,0.0,0);
INSERT INTO "mesure_virale" VALUES(142,78,1,2,6,0.0,0);
INSERT INTO "mesure_virale" VALUES(143,79,1,2,6,48.9,1);
INSERT INTO "mesure_virale" VALUES(144,80,1,2,6,0.0,0);
INSERT INTO "mesure_virale" VALUES(145,81,1,2,6,337000000.0,1);
INSERT INTO "mesure_virale" VALUES(146,82,1,2,6,0.0,0);
INSERT INTO "mesure_virale" VALUES(147,83,1,2,6,74.2,1);
INSERT INTO "mesure_virale" VALUES(148,84,1,2,6,0.0,0);
INSERT INTO "mesure_virale" VALUES(149,85,1,2,6,0.0,0);
INSERT INTO "mesure_virale" VALUES(150,86,1,2,6,0.0,0);
INSERT INTO "mesure_virale" VALUES(151,87,1,2,6,0.0,0);
INSERT INTO "mesure_virale" VALUES(152,88,1,2,6,0.0,0);
INSERT INTO "mesure_virale" VALUES(153,89,1,2,6,0.0,0);
INSERT INTO "mesure_virale" VALUES(154,90,1,2,6,0.0,0);
INSERT INTO "mesure_virale" VALUES(155,91,1,2,6,0.0,0);
INSERT INTO "mesure_virale" VALUES(156,92,1,2,6,0.0,0);
INSERT INTO "mesure_virale" VALUES(157,93,1,2,6,0.0,0);
INSERT INTO "mesure_virale" VALUES(158,94,1,2,6,370000000.0,1);
INSERT INTO "mesure_virale" VALUES(159,95,1,2,6,0.0,0);
INSERT INTO "mesure_virale" VALUES(160,96,1,2,6,0.0,0);
INSERT INTO "mesure_virale" VALUES(161,97,1,2,6,0.0,0);
INSERT INTO "mesure_virale" VALUES(162,98,1,2,6,0.0,0);
INSERT INTO "mesure_virale" VALUES(163,99,1,2,6,0.0,0);
INSERT INTO "mesure_virale" VALUES(164,100,1,2,6,21100000.0,1);
INSERT INTO "mesure_virale" VALUES(165,101,1,2,6,110000000.0,1);
INSERT INTO "mesure_virale" VALUES(166,102,1,2,6,0.0,0);
INSERT INTO "mesure_virale" VALUES(167,103,1,2,6,0.0,0);
INSERT INTO "mesure_virale" VALUES(168,104,1,2,6,736.0,1);
INSERT INTO "mesure_virale" VALUES(169,105,1,2,6,47000000.0,1);
INSERT INTO "mesure_virale" VALUES(170,106,1,2,6,50.5,1);
INSERT INTO "mesure_virale" VALUES(171,107,1,2,6,0.0,0);
INSERT INTO "mesure_virale" VALUES(172,108,1,2,6,0.0,0);
INSERT INTO "mesure_virale" VALUES(173,109,1,2,6,0.0,0);
INSERT INTO "mesure_virale" VALUES(174,110,1,2,6,0.0,0);
INSERT INTO "mesure_virale" VALUES(175,111,1,2,6,0.0,0);
INSERT INTO "mesure_virale" VALUES(176,112,1,2,6,0.0,0);
INSERT INTO "mesure_virale" VALUES(177,113,1,2,6,52.7,1);
INSERT INTO "mesure_virale" VALUES(178,114,1,2,6,0.0,0);
INSERT INTO "mesure_virale" VALUES(179,115,1,2,6,0.0,0);
INSERT INTO "mesure_virale" VALUES(180,116,1,2,6,0.0,0);
INSERT INTO "mesure_virale" VALUES(181,117,1,2,6,351000000.0,1);
INSERT INTO "mesure_virale" VALUES(182,118,1,2,6,272000000.0,1);
INSERT INTO "mesure_virale" VALUES(183,119,1,2,6,0.0,0);
INSERT INTO "mesure_virale" VALUES(184,120,1,2,6,61.4,1);
INSERT INTO "mesure_virale" VALUES(185,121,1,2,6,510.0,1);
INSERT INTO "mesure_virale" VALUES(186,122,1,2,6,119.0,1);
INSERT INTO "mesure_virale" VALUES(187,123,1,2,6,0.0,0);
INSERT INTO "mesure_virale" VALUES(188,124,1,2,6,0.0,0);
INSERT INTO "mesure_virale" VALUES(189,125,1,2,6,0.0,0);
INSERT INTO "mesure_virale" VALUES(190,126,1,2,6,329.0,1);
INSERT INTO "mesure_virale" VALUES(191,127,1,2,6,0.0,0);
INSERT INTO "mesure_virale" VALUES(192,128,1,2,6,0.0,0);
INSERT INTO "mesure_virale" VALUES(193,129,1,2,6,0.0,0);
INSERT INTO "mesure_virale" VALUES(194,130,1,2,6,132.0,1);
INSERT INTO "mesure_virale" VALUES(195,131,1,2,6,665.0,1);
INSERT INTO "mesure_virale" VALUES(196,132,1,2,6,0.0,0);
INSERT INTO "mesure_virale" VALUES(197,133,1,2,6,0.0,0);
INSERT INTO "mesure_virale" VALUES(198,134,1,2,6,0.0,0);
INSERT INTO "mesure_virale" VALUES(199,135,1,2,6,68.5,1);
INSERT INTO "mesure_virale" VALUES(200,136,1,2,6,0.0,0);
INSERT INTO "mesure_virale" VALUES(201,137,1,2,6,71.2,1);
INSERT INTO "mesure_virale" VALUES(202,138,1,2,6,327000000.0,1);
INSERT INTO "mesure_virale" VALUES(203,139,1,2,6,66.6,1);
INSERT INTO "mesure_virale" VALUES(204,140,1,2,6,0.0,0);
INSERT INTO "mesure_virale" VALUES(205,141,1,2,6,62.4,1);
INSERT INTO "mesure_virale" VALUES(206,142,1,2,6,0.0,0);
INSERT INTO "mesure_virale" VALUES(207,143,1,2,6,0.0,0);
INSERT INTO "mesure_virale" VALUES(208,144,1,2,6,73.5,1);
INSERT INTO "mesure_virale" VALUES(209,145,1,2,6,0.0,0);
INSERT INTO "mesure_virale" VALUES(210,146,1,2,6,336000000.0,1);
INSERT INTO "mesure_virale" VALUES(211,147,1,2,6,49.6,1);
INSERT INTO "mesure_virale" VALUES(212,148,1,2,6,0.0,0);
INSERT INTO "mesure_virale" VALUES(213,149,1,2,6,112.0,1);
INSERT INTO "mesure_virale" VALUES(214,150,1,2,6,39800.0,1);
INSERT INTO "mesure_virale" VALUES(215,151,1,2,6,250000000.0,1);
INSERT INTO "mesure_virale" VALUES(216,152,1,2,6,0.0,0);
INSERT INTO "mesure_virale" VALUES(217,153,1,2,6,96.6,1);
INSERT INTO "mesure_virale" VALUES(218,154,1,2,6,0.0,0);
INSERT INTO "mesure_virale" VALUES(219,155,1,2,6,0.0,0);
INSERT INTO "mesure_virale" VALUES(220,156,1,2,6,56600000.0,1);
INSERT INTO "mesure_virale" VALUES(221,157,1,2,6,0.0,0);
INSERT INTO "mesure_virale" VALUES(222,158,1,2,6,0.0,0);
INSERT INTO "mesure_virale" VALUES(223,159,1,2,6,62.8,1);
INSERT INTO "mesure_virale" VALUES(224,160,1,2,6,0.0,0);
INSERT INTO "mesure_virale" VALUES(225,161,1,2,6,0.0,0);
INSERT INTO "mesure_virale" VALUES(226,162,1,2,6,0.0,0);
INSERT INTO "mesure_virale" VALUES(227,163,1,2,6,0.0,0);
INSERT INTO "mesure_virale" VALUES(228,164,1,2,6,0.0,0);
INSERT INTO "mesure_virale" VALUES(229,165,1,2,6,112.0,1);
INSERT INTO "mesure_virale" VALUES(230,166,1,2,6,0.0,0);
INSERT INTO "mesure_virale" VALUES(231,167,1,2,6,0.0,0);
INSERT INTO "mesure_virale" VALUES(232,168,1,2,6,38.0,1);
INSERT INTO "mesure_virale" VALUES(233,169,1,2,6,0.0,0);
INSERT INTO "mesure_virale" VALUES(234,170,1,2,6,0.0,0);
INSERT INTO "mesure_virale" VALUES(235,171,1,2,6,0.0,0);
INSERT INTO "mesure_virale" VALUES(236,172,1,2,6,207.0,1);
INSERT INTO "mesure_virale" VALUES(237,173,1,2,6,0.0,0);
INSERT INTO "mesure_virale" VALUES(238,174,1,2,6,0.0,0);
INSERT INTO "mesure_virale" VALUES(239,175,1,2,6,390.0,1);
INSERT INTO "mesure_virale" VALUES(240,176,1,2,6,0.0,0);
INSERT INTO "mesure_virale" VALUES(241,177,1,2,6,0.0,0);
INSERT INTO "mesure_virale" VALUES(242,178,1,2,6,0.0,0);
INSERT INTO "mesure_virale" VALUES(243,179,1,2,6,0.0,0);
INSERT INTO "mesure_virale" VALUES(244,180,1,2,6,0.0,0);
INSERT INTO "mesure_virale" VALUES(245,181,1,2,6,106.0,1);
INSERT INTO "mesure_virale" VALUES(246,182,1,2,6,0.0,0);
INSERT INTO "mesure_virale" VALUES(247,183,1,2,6,496.0,1);
INSERT INTO "mesure_virale" VALUES(248,184,1,2,6,0.0,0);
INSERT INTO "mesure_virale" VALUES(249,185,1,2,6,0.0,0);
INSERT INTO "mesure_virale" VALUES(250,186,1,2,6,0.0,0);
INSERT INTO "mesure_virale" VALUES(251,187,1,2,6,0.0,0);
INSERT INTO "mesure_virale" VALUES(252,188,1,2,6,0.0,0);
INSERT INTO "mesure_virale" VALUES(253,189,1,2,6,154000000.0,1);
INSERT INTO "mesure_virale" VALUES(254,190,1,2,6,42700000.0,1);
INSERT INTO "mesure_virale" VALUES(255,191,1,2,6,0.0,0);
INSERT INTO "mesure_virale" VALUES(256,192,1,2,6,0.0,0);
INSERT INTO "mesure_virale" VALUES(257,193,1,2,6,0.0,0);
INSERT INTO "mesure_virale" VALUES(258,194,1,2,6,0.0,0);
INSERT INTO "mesure_virale" VALUES(259,195,1,2,6,350.0,1);
INSERT INTO "mesure_virale" VALUES(260,196,1,2,6,0.0,0);
INSERT INTO "mesure_virale" VALUES(261,197,1,2,6,0.0,0);
INSERT INTO "mesure_virale" VALUES(262,198,1,2,6,0.0,0);
INSERT INTO "mesure_virale" VALUES(263,199,1,2,6,237.0,1);
INSERT INTO "mesure_virale" VALUES(264,200,1,2,6,0.0,0);
INSERT INTO "mesure_virale" VALUES(265,201,1,2,6,154.0,1);
INSERT INTO "mesure_virale" VALUES(266,202,1,2,6,0.0,0);
INSERT INTO "mesure_virale" VALUES(267,203,1,2,6,0.0,0);
INSERT INTO "mesure_virale" VALUES(268,204,1,2,6,0.0,0);
INSERT INTO "mesure_virale" VALUES(269,205,1,2,6,0.0,0);
INSERT INTO "mesure_virale" VALUES(270,206,1,2,6,43.1,1);
INSERT INTO "mesure_virale" VALUES(271,207,1,2,6,0.0,0);
INSERT INTO "mesure_virale" VALUES(272,208,1,2,6,0.0,0);
INSERT INTO "mesure_virale" VALUES(273,209,1,2,6,0.0,0);
INSERT INTO "mesure_virale" VALUES(274,210,1,2,6,0.0,0);
INSERT INTO "mesure_virale" VALUES(275,211,1,2,6,0.0,0);
INSERT INTO "mesure_virale" VALUES(276,212,1,2,6,268.0,1);
INSERT INTO "mesure_virale" VALUES(277,213,1,2,6,0.0,0);
INSERT INTO "mesure_virale" VALUES(278,214,1,2,6,0.0,0);
INSERT INTO "mesure_virale" VALUES(279,215,1,2,6,228.0,1);
INSERT INTO "mesure_virale" VALUES(280,216,1,2,6,76.7,1);
INSERT INTO "mesure_virale" VALUES(281,217,1,2,6,0.0,0);
INSERT INTO "mesure_virale" VALUES(282,218,1,2,6,0.0,0);
INSERT INTO "mesure_virale" VALUES(283,219,1,2,6,0.0,0);
INSERT INTO "mesure_virale" VALUES(284,220,1,2,6,0.0,0);
INSERT INTO "mesure_virale" VALUES(285,221,1,2,6,0.0,0);
INSERT INTO "mesure_virale" VALUES(286,222,1,2,6,0.0,0);
INSERT INTO "mesure_virale" VALUES(287,223,1,2,6,0.0,0);
INSERT INTO "mesure_virale" VALUES(288,224,1,2,6,0.0,0);
INSERT INTO "mesure_virale" VALUES(289,225,1,2,6,0.0,0);
INSERT INTO "mesure_virale" VALUES(290,226,1,2,6,134.0,1);
INSERT INTO "mesure_virale" VALUES(291,227,1,2,6,98.1,1);
INSERT INTO "mesure_virale" VALUES(292,228,1,2,6,0.0,0);
INSERT INTO "mesure_virale" VALUES(293,229,1,2,6,0.0,0);
INSERT INTO "mesure_virale" VALUES(294,230,1,2,6,0.0,0);
INSERT INTO "mesure_virale" VALUES(295,231,1,2,6,0.0,0);
INSERT INTO "mesure_virale" VALUES(296,232,1,2,6,0.0,0);
INSERT INTO "mesure_virale" VALUES(297,233,1,2,6,0.0,0);
INSERT INTO "mesure_virale" VALUES(298,234,1,2,6,0.0,0);
INSERT INTO "mesure_virale" VALUES(299,235,1,2,6,0.0,0);
INSERT INTO "mesure_virale" VALUES(300,236,1,2,6,0.0,0);
INSERT INTO "mesure_virale" VALUES(301,237,1,2,6,58.1,1);
INSERT INTO "mesure_virale" VALUES(302,238,1,2,6,0.0,0);
INSERT INTO "mesure_virale" VALUES(303,239,1,2,6,3920.0,1);
INSERT INTO "mesure_virale" VALUES(304,240,1,2,6,0.0,0);
INSERT INTO "mesure_virale" VALUES(305,241,1,2,6,0.0,0);
INSERT INTO "mesure_virale" VALUES(306,242,1,2,6,0.0,0);
INSERT INTO "mesure_virale" VALUES(307,243,1,2,6,49.3,1);
INSERT INTO "mesure_virale" VALUES(308,244,1,2,6,0.0,0);
INSERT INTO "mesure_virale" VALUES(309,245,1,2,6,0.0,0);
INSERT INTO "mesure_virale" VALUES(310,246,1,2,6,0.0,0);
INSERT INTO "mesure_virale" VALUES(311,247,1,2,6,142.0,1);
INSERT INTO "mesure_virale" VALUES(312,248,1,2,6,0.0,0);
INSERT INTO "mesure_virale" VALUES(313,249,1,2,6,0.0,0);
INSERT INTO "mesure_virale" VALUES(314,250,1,2,6,0.0,0);
INSERT INTO "mesure_virale" VALUES(315,251,1,2,6,0.0,0);
INSERT INTO "mesure_virale" VALUES(316,252,1,2,6,0.0,0);
INSERT INTO "mesure_virale" VALUES(317,253,1,2,6,0.0,0);
INSERT INTO "mesure_virale" VALUES(318,254,1,2,6,0.0,0);
INSERT INTO "mesure_virale" VALUES(319,255,1,2,6,0.0,0);
INSERT INTO "mesure_virale" VALUES(320,256,1,2,6,0.0,0);
INSERT INTO "mesure_virale" VALUES(321,257,1,2,6,0.0,0);
INSERT INTO "mesure_virale" VALUES(322,258,1,2,6,0.0,0);
INSERT INTO "mesure_virale" VALUES(323,259,1,2,6,0.0,0);
INSERT INTO "mesure_virale" VALUES(324,260,1,2,6,0.0,0);
INSERT INTO "mesure_virale" VALUES(325,261,1,2,6,146.0,1);
INSERT INTO "mesure_virale" VALUES(326,262,1,2,6,0.0,0);
INSERT INTO "mesure_virale" VALUES(327,263,1,2,6,0.0,0);
INSERT INTO "mesure_virale" VALUES(328,264,1,2,6,170.0,1);
INSERT INTO "mesure_virale" VALUES(329,265,1,2,6,0.0,0);
INSERT INTO "mesure_virale" VALUES(330,266,1,2,6,0.0,0);
INSERT INTO "mesure_virale" VALUES(331,267,1,2,6,0.0,0);
INSERT INTO "mesure_virale" VALUES(332,268,1,2,6,1600.0,1);
INSERT INTO "mesure_virale" VALUES(333,269,1,2,6,0.0,0);
INSERT INTO "mesure_virale" VALUES(334,270,1,2,6,0.0,0);
INSERT INTO "mesure_virale" VALUES(335,271,1,2,6,0.0,0);
INSERT INTO "mesure_virale" VALUES(336,272,1,2,6,0.0,0);
INSERT INTO "mesure_virale" VALUES(337,273,1,2,6,166.0,1);
INSERT INTO "mesure_virale" VALUES(338,274,1,2,6,0.0,0);
INSERT INTO "mesure_virale" VALUES(339,275,1,2,6,0.0,0);
INSERT INTO "mesure_virale" VALUES(340,276,1,2,6,0.0,0);
INSERT INTO "mesure_virale" VALUES(341,277,1,2,6,0.0,0);
INSERT INTO "mesure_virale" VALUES(342,278,1,2,6,0.0,0);
INSERT INTO "mesure_virale" VALUES(343,279,1,2,6,0.0,0);
INSERT INTO "mesure_virale" VALUES(344,280,1,2,6,67.2,1);
INSERT INTO "mesure_virale" VALUES(345,281,1,2,6,247.0,1);
INSERT INTO "mesure_virale" VALUES(346,282,1,2,6,0.0,0);
INSERT INTO "mesure_virale" VALUES(347,283,1,2,6,0.0,0);
INSERT INTO "mesure_virale" VALUES(348,284,1,2,6,0.0,0);
INSERT INTO "mesure_virale" VALUES(349,285,1,2,6,0.0,0);
INSERT INTO "mesure_virale" VALUES(350,286,1,2,6,0.0,0);
INSERT INTO "mesure_virale" VALUES(351,287,1,2,6,0.0,0);
INSERT INTO "mesure_virale" VALUES(352,288,1,2,6,0.0,0);
INSERT INTO "mesure_virale" VALUES(353,289,1,2,6,0.0,0);
INSERT INTO "mesure_virale" VALUES(354,290,1,2,6,0.0,0);
INSERT INTO "mesure_virale" VALUES(355,291,1,2,6,1210.0,1);
INSERT INTO "mesure_virale" VALUES(356,292,1,2,6,0.0,0);
INSERT INTO "mesure_virale" VALUES(357,293,1,2,6,0.0,0);
INSERT INTO "mesure_virale" VALUES(358,294,1,2,6,0.0,0);
INSERT INTO "mesure_virale" VALUES(359,295,1,2,6,53.7,1);
INSERT INTO "mesure_virale" VALUES(360,296,1,2,6,0.0,0);
INSERT INTO "mesure_virale" VALUES(361,297,1,2,6,396000000.0,1);
INSERT INTO "mesure_virale" VALUES(362,298,1,2,6,32.5,1);
INSERT INTO "mesure_virale" VALUES(363,299,1,2,6,0.0,0);
INSERT INTO "mesure_virale" VALUES(364,300,1,2,6,59.6,1);
INSERT INTO "mesure_virale" VALUES(365,301,1,2,6,0.0,0);
INSERT INTO "mesure_virale" VALUES(366,302,1,2,6,0.0,0);
INSERT INTO "mesure_virale" VALUES(367,303,1,2,6,0.0,0);
INSERT INTO "mesure_virale" VALUES(368,304,1,2,6,60.8,1);
INSERT INTO "mesure_virale" VALUES(369,305,1,2,6,89.2,1);
INSERT INTO "mesure_virale" VALUES(370,306,1,2,6,885.0,1);
INSERT INTO "mesure_virale" VALUES(371,307,1,2,6,0.0,0);
INSERT INTO "mesure_virale" VALUES(372,308,1,2,6,0.0,0);
INSERT INTO "mesure_virale" VALUES(373,309,1,2,6,0.0,0);
INSERT INTO "mesure_virale" VALUES(374,310,1,2,6,0.0,0);
INSERT INTO "mesure_virale" VALUES(375,311,1,2,6,0.0,0);
INSERT INTO "mesure_virale" VALUES(376,312,1,2,6,0.0,0);
INSERT INTO "mesure_virale" VALUES(377,313,1,2,6,65.6,1);
INSERT INTO "mesure_virale" VALUES(378,314,1,2,6,0.0,0);
INSERT INTO "mesure_virale" VALUES(379,315,1,2,6,0.0,0);
INSERT INTO "mesure_virale" VALUES(380,316,1,2,6,0.0,0);
INSERT INTO "mesure_virale" VALUES(381,317,1,2,6,0.0,0);
INSERT INTO "mesure_virale" VALUES(382,318,1,2,6,0.0,0);
INSERT INTO "mesure_virale" VALUES(383,319,1,2,6,68.6,1);
INSERT INTO "mesure_virale" VALUES(384,1,1,3,6,0.0,0);
INSERT INTO "mesure_virale" VALUES(385,2,1,3,6,276.0,1);
INSERT INTO "mesure_virale" VALUES(386,3,1,3,6,0.0,0);
INSERT INTO "mesure_virale" VALUES(387,4,1,3,6,55.5,1);
INSERT INTO "mesure_virale" VALUES(388,5,1,3,6,57.6,1);
INSERT INTO "mesure_virale" VALUES(389,6,1,3,6,0.0,0);
INSERT INTO "mesure_virale" VALUES(390,7,1,3,6,0.0,0);
INSERT INTO "mesure_virale" VALUES(391,8,1,3,6,174.0,1);
INSERT INTO "mesure_virale" VALUES(392,9,1,3,6,0.0,0);
INSERT INTO "mesure_virale" VALUES(393,10,1,3,6,20600000.0,1);
INSERT INTO "mesure_virale" VALUES(394,11,1,3,6,0.0,0);
INSERT INTO "mesure_virale" VALUES(395,12,1,3,6,0.0,0);
INSERT INTO "mesure_virale" VALUES(396,13,1,3,6,0.0,0);
INSERT INTO "mesure_virale" VALUES(397,14,1,3,6,63.7,1);
INSERT INTO "mesure_virale" VALUES(398,15,1,3,6,59.7,1);
INSERT INTO "mesure_virale" VALUES(399,16,1,3,6,0.0,0);
INSERT INTO "mesure_virale" VALUES(400,17,1,3,6,0.0,0);
INSERT INTO "mesure_virale" VALUES(401,18,1,3,6,50.5,1);
INSERT INTO "mesure_virale" VALUES(402,19,1,3,6,328.0,1);
INSERT INTO "mesure_virale" VALUES(403,20,1,3,6,7790000.0,1);
INSERT INTO "mesure_virale" VALUES(404,21,1,3,6,0.0,0);
INSERT INTO "mesure_virale" VALUES(405,22,1,3,6,0.0,0);
INSERT INTO "mesure_virale" VALUES(406,23,1,3,6,0.0,0);
INSERT INTO "mesure_virale" VALUES(407,24,1,3,6,267.0,1);
INSERT INTO "mesure_virale" VALUES(408,25,1,3,6,4650.0,1);
INSERT INTO "mesure_virale" VALUES(409,26,1,3,6,0.0,0);
INSERT INTO "mesure_virale" VALUES(410,27,1,3,6,569.0,1);
INSERT INTO "mesure_virale" VALUES(411,28,1,3,6,754.0,1);
INSERT INTO "mesure_virale" VALUES(412,29,1,3,6,0.0,0);
INSERT INTO "mesure_virale" VALUES(413,30,1,3,6,181.0,1);
INSERT INTO "mesure_virale" VALUES(414,31,1,3,6,0.0,0);
INSERT INTO "mesure_virale" VALUES(415,32,1,3,6,60.9,1);
INSERT INTO "mesure_virale" VALUES(416,33,1,3,6,81.9,1);
INSERT INTO "mesure_virale" VALUES(417,34,1,3,6,625.0,1);
INSERT INTO "mesure_virale" VALUES(418,35,1,3,6,45.1,1);
INSERT INTO "mesure_virale" VALUES(419,36,1,3,6,129.0,1);
INSERT INTO "mesure_virale" VALUES(420,37,1,3,6,62.8,1);
INSERT INTO "mesure_virale" VALUES(421,38,1,3,6,131.0,1);
INSERT INTO "mesure_virale" VALUES(422,39,1,3,6,0.0,0);
INSERT INTO "mesure_virale" VALUES(423,40,1,3,6,456.0,1);
INSERT INTO "mesure_virale" VALUES(424,41,1,3,6,206.0,1);
INSERT INTO "mesure_virale" VALUES(425,42,1,3,6,0.0,0);
INSERT INTO "mesure_virale" VALUES(426,43,1,3,6,171.0,1);
INSERT INTO "mesure_virale" VALUES(427,44,1,3,6,71.0,1);
INSERT INTO "mesure_virale" VALUES(428,45,1,3,6,0.0,0);
INSERT INTO "mesure_virale" VALUES(429,46,1,3,6,195.0,1);
INSERT INTO "mesure_virale" VALUES(430,47,1,3,6,0.0,0);
INSERT INTO "mesure_virale" VALUES(431,48,1,3,6,0.0,0);
INSERT INTO "mesure_virale" VALUES(432,49,1,3,6,0.0,0);
INSERT INTO "mesure_virale" VALUES(433,50,1,3,6,353.0,1);
INSERT INTO "mesure_virale" VALUES(434,51,1,3,6,212.0,1);
INSERT INTO "mesure_virale" VALUES(435,52,1,3,6,135.0,1);
INSERT INTO "mesure_virale" VALUES(436,53,1,3,6,1600.0,1);
INSERT INTO "mesure_virale" VALUES(437,54,1,3,6,0.0,0);
INSERT INTO "mesure_virale" VALUES(438,55,1,3,6,288.0,1);
INSERT INTO "mesure_virale" VALUES(439,56,1,3,6,0.0,0);
INSERT INTO "mesure_virale" VALUES(440,57,1,3,6,110.0,1);
INSERT INTO "mesure_virale" VALUES(441,58,1,3,6,244.0,1);
INSERT INTO "mesure_virale" VALUES(442,59,1,3,6,283.0,1);
INSERT INTO "mesure_virale" VALUES(443,60,1,3,6,0.0,0);
INSERT INTO "mesure_virale" VALUES(444,61,1,3,6,0.0,0);
INSERT INTO "mesure_virale" VALUES(445,62,1,3,6,0.0,0);
INSERT INTO "mesure_virale" VALUES(446,63,1,3,6,263.0,1);
INSERT INTO "mesure_virale" VALUES(447,64,1,3,6,376.0,1);
INSERT INTO "mesure_virale" VALUES(448,65,1,3,6,0.0,0);
INSERT INTO "mesure_virale" VALUES(449,66,1,3,6,866.0,1);
INSERT INTO "mesure_virale" VALUES(450,67,1,3,6,0.0,0);
INSERT INTO "mesure_virale" VALUES(451,68,1,3,6,0.0,0);
INSERT INTO "mesure_virale" VALUES(452,69,1,3,6,0.0,0);
INSERT INTO "mesure_virale" VALUES(453,70,1,3,6,187.0,1);
INSERT INTO "mesure_virale" VALUES(454,71,1,3,6,96.1,1);
INSERT INTO "mesure_virale" VALUES(455,72,1,3,6,240.0,1);
INSERT INTO "mesure_virale" VALUES(456,73,1,3,6,113000.0,1);
INSERT INTO "mesure_virale" VALUES(457,74,1,3,6,0.0,0);
INSERT INTO "mesure_virale" VALUES(458,75,1,3,6,14400.0,1);
INSERT INTO "mesure_virale" VALUES(459,76,1,3,6,0.0,0);
INSERT INTO "mesure_virale" VALUES(460,77,1,3,6,258.0,1);
INSERT INTO "mesure_virale" VALUES(461,78,1,3,6,198.0,1);
INSERT INTO "mesure_virale" VALUES(462,79,1,3,6,184.0,1);
INSERT INTO "mesure_virale" VALUES(463,80,1,3,6,205.0,1);
INSERT INTO "mesure_virale" VALUES(464,81,1,3,6,0.0,0);
INSERT INTO "mesure_virale" VALUES(465,82,1,3,6,365.0,1);
INSERT INTO "mesure_virale" VALUES(466,83,1,3,6,75.7,1);
INSERT INTO "mesure_virale" VALUES(467,84,1,3,6,186.0,1);
INSERT INTO "mesure_virale" VALUES(468,85,1,3,6,0.0,0);
INSERT INTO "mesure_virale" VALUES(469,86,1,3,6,1120.0,1);
INSERT INTO "mesure_virale" VALUES(470,87,1,3,6,1140.0,1);
INSERT INTO "mesure_virale" VALUES(471,88,1,3,6,115.0,1);
INSERT INTO "mesure_virale" VALUES(472,89,1,3,6,113.0,1);
INSERT INTO "mesure_virale" VALUES(473,90,1,3,6,0.0,0);
INSERT INTO "mesure_virale" VALUES(474,91,1,3,6,353.0,1);
INSERT INTO "mesure_virale" VALUES(475,92,1,3,6,0.0,0);
INSERT INTO "mesure_virale" VALUES(476,93,1,3,6,332.0,1);
INSERT INTO "mesure_virale" VALUES(477,94,1,3,6,183.0,1);
INSERT INTO "mesure_virale" VALUES(478,95,1,3,6,282.0,1);
INSERT INTO "mesure_virale" VALUES(479,96,1,3,6,0.0,0);
INSERT INTO "mesure_virale" VALUES(480,97,1,3,6,23800.0,1);
INSERT INTO "mesure_virale" VALUES(481,98,1,3,6,134000.0,1);
INSERT INTO "mesure_virale" VALUES(482,99,1,3,6,239000.0,1);
INSERT INTO "mesure_virale" VALUES(483,100,1,3,6,2340.0,1);
INSERT INTO "mesure_virale" VALUES(484,101,1,3,6,179.0,1);
INSERT INTO "mesure_virale" VALUES(485,102,1,3,6,2260.0,1);
INSERT INTO "mesure_virale" VALUES(486,103,1,3,6,205.0,1);
INSERT INTO "mesure_virale" VALUES(487,104,1,3,6,100.0,1);
INSERT INTO "mesure_virale" VALUES(488,105,1,3,6,458.0,1);
INSERT INTO "mesure_virale" VALUES(489,106,1,3,6,15800000.0,1);
INSERT INTO "mesure_virale" VALUES(490,107,1,3,6,1000.0,1);
INSERT INTO "mesure_virale" VALUES(491,108,1,3,6,199.0,1);
INSERT INTO "mesure_virale" VALUES(492,109,1,3,6,974.0,1);
INSERT INTO "mesure_virale" VALUES(493,110,1,3,6,95.7,1);
INSERT INTO "mesure_virale" VALUES(494,111,1,3,6,0.0,0);
INSERT INTO "mesure_virale" VALUES(495,112,1,3,6,1580000.0,1);
INSERT INTO "mesure_virale" VALUES(496,113,1,3,6,100.0,1);
INSERT INTO "mesure_virale" VALUES(497,114,1,3,6,39.3,1);
INSERT INTO "mesure_virale" VALUES(498,115,1,3,6,279.0,1);
INSERT INTO "mesure_virale" VALUES(499,116,1,3,6,36.6,1);
INSERT INTO "mesure_virale" VALUES(500,117,1,3,6,696.0,1);
INSERT INTO "mesure_virale" VALUES(501,118,1,3,6,0.0,0);
INSERT INTO "mesure_virale" VALUES(502,119,1,3,6,156000.0,1);
INSERT INTO "mesure_virale" VALUES(503,120,1,3,6,99.2,1);
INSERT INTO "mesure_virale" VALUES(504,121,1,3,6,261.0,1);
INSERT INTO "mesure_virale" VALUES(505,122,1,3,6,0.0,0);
INSERT INTO "mesure_virale" VALUES(506,123,1,3,6,3320.0,1);
INSERT INTO "mesure_virale" VALUES(507,124,1,3,6,36.8,1);
INSERT INTO "mesure_virale" VALUES(508,125,1,3,6,61200000.0,1);
INSERT INTO "mesure_virale" VALUES(509,126,1,3,6,129.0,1);
INSERT INTO "mesure_virale" VALUES(510,127,1,3,6,162.0,1);
INSERT INTO "mesure_virale" VALUES(511,128,1,3,6,38000.0,1);
INSERT INTO "mesure_virale" VALUES(512,129,1,3,6,28.4,1);
INSERT INTO "mesure_virale" VALUES(513,130,1,3,6,86.6,1);
INSERT INTO "mesure_virale" VALUES(514,131,1,3,6,38.1,1);
INSERT INTO "mesure_virale" VALUES(515,132,1,3,6,267.0,1);
INSERT INTO "mesure_virale" VALUES(516,133,1,3,6,606.0,1);
INSERT INTO "mesure_virale" VALUES(517,134,1,3,6,566.0,1);
INSERT INTO "mesure_virale" VALUES(518,135,1,3,6,2640.0,1);
INSERT INTO "mesure_virale" VALUES(519,136,1,3,6,95.2,1);
INSERT INTO "mesure_virale" VALUES(520,137,1,3,6,578.0,1);
INSERT INTO "mesure_virale" VALUES(521,138,1,3,6,79.6,1);
INSERT INTO "mesure_virale" VALUES(522,139,1,3,6,65.0,1);
INSERT INTO "mesure_virale" VALUES(523,140,1,3,6,271.0,1);
INSERT INTO "mesure_virale" VALUES(524,141,1,3,6,0.0,0);
INSERT INTO "mesure_virale" VALUES(525,142,1,3,6,0.0,0);
INSERT INTO "mesure_virale" VALUES(526,143,1,3,6,194.0,1);
INSERT INTO "mesure_virale" VALUES(527,144,1,3,6,0.0,0);
INSERT INTO "mesure_virale" VALUES(528,145,1,3,6,64.9,1);
INSERT INTO "mesure_virale" VALUES(529,146,1,3,6,106.0,1);
INSERT INTO "mesure_virale" VALUES(530,147,1,3,6,16300000.0,1);
INSERT INTO "mesure_virale" VALUES(531,148,1,3,6,0.0,0);
INSERT INTO "mesure_virale" VALUES(532,149,1,3,6,248.0,1);
INSERT INTO "mesure_virale" VALUES(533,150,1,3,6,121.0,1);
INSERT INTO "mesure_virale" VALUES(534,151,1,3,6,12000.0,1);
INSERT INTO "mesure_virale" VALUES(535,152,1,3,6,31.5,1);
INSERT INTO "mesure_virale" VALUES(536,153,1,3,6,142.0,1);
INSERT INTO "mesure_virale" VALUES(537,154,1,3,6,177.0,1);
INSERT INTO "mesure_virale" VALUES(538,155,1,3,6,4540.0,1);
INSERT INTO "mesure_virale" VALUES(539,156,1,3,6,42.8,1);
INSERT INTO "mesure_virale" VALUES(540,157,1,3,6,244.0,1);
INSERT INTO "mesure_virale" VALUES(541,158,1,3,6,44.1,1);
INSERT INTO "mesure_virale" VALUES(542,159,1,3,6,495.0,1);
INSERT INTO "mesure_virale" VALUES(543,160,1,3,6,0.0,0);
INSERT INTO "mesure_virale" VALUES(544,161,1,3,6,647.0,1);
INSERT INTO "mesure_virale" VALUES(545,162,1,3,6,448.0,1);
INSERT INTO "mesure_virale" VALUES(546,163,1,3,6,0.0,0);
INSERT INTO "mesure_virale" VALUES(547,164,1,3,6,2310.0,1);
INSERT INTO "mesure_virale" VALUES(548,165,1,3,6,46.5,1);
INSERT INTO "mesure_virale" VALUES(549,166,1,3,6,1230.0,1);
INSERT INTO "mesure_virale" VALUES(550,167,1,3,6,485.0,1);
INSERT INTO "mesure_virale" VALUES(551,168,1,3,6,1040000.0,1);
INSERT INTO "mesure_virale" VALUES(552,169,1,3,6,0.0,0);
INSERT INTO "mesure_virale" VALUES(553,170,1,3,6,0.0,0);
INSERT INTO "mesure_virale" VALUES(554,171,1,3,6,134.0,1);
INSERT INTO "mesure_virale" VALUES(555,172,1,3,6,0.0,0);
INSERT INTO "mesure_virale" VALUES(556,173,1,3,6,216.0,1);
INSERT INTO "mesure_virale" VALUES(557,174,1,3,6,974.0,1);
INSERT INTO "mesure_virale" VALUES(558,175,1,3,6,0.0,0);
INSERT INTO "mesure_virale" VALUES(559,176,1,3,6,45.1,1);
INSERT INTO "mesure_virale" VALUES(560,177,1,3,6,0.0,0);
INSERT INTO "mesure_virale" VALUES(561,178,1,3,6,89.4,1);
INSERT INTO "mesure_virale" VALUES(562,179,1,3,6,0.0,0);
INSERT INTO "mesure_virale" VALUES(563,180,1,3,6,50.3,1);
INSERT INTO "mesure_virale" VALUES(564,181,1,3,6,0.0,0);
INSERT INTO "mesure_virale" VALUES(565,182,1,3,6,0.0,0);
INSERT INTO "mesure_virale" VALUES(566,183,1,3,6,141.0,1);
INSERT INTO "mesure_virale" VALUES(567,184,1,3,6,0.0,0);
INSERT INTO "mesure_virale" VALUES(568,185,1,3,6,0.0,0);
INSERT INTO "mesure_virale" VALUES(569,186,1,3,6,0.0,0);
INSERT INTO "mesure_virale" VALUES(570,187,1,3,6,4360.0,1);
INSERT INTO "mesure_virale" VALUES(571,188,1,3,6,0.0,0);
INSERT INTO "mesure_virale" VALUES(572,189,1,3,6,0.0,0);
INSERT INTO "mesure_virale" VALUES(573,190,1,3,6,0.0,0);
INSERT INTO "mesure_virale" VALUES(574,191,1,3,6,46.6,1);
INSERT INTO "mesure_virale" VALUES(575,192,1,3,6,0.0,0);
INSERT INTO "mesure_virale" VALUES(576,193,1,3,6,45.4,1);
INSERT INTO "mesure_virale" VALUES(577,194,1,3,6,0.0,0);
INSERT INTO "mesure_virale" VALUES(578,195,1,3,6,152.0,1);
INSERT INTO "mesure_virale" VALUES(579,196,1,3,6,0.0,0);
INSERT INTO "mesure_virale" VALUES(580,197,1,3,6,65000000.0,1);
INSERT INTO "mesure_virale" VALUES(581,198,1,3,6,89.8,1);
INSERT INTO "mesure_virale" VALUES(582,199,1,3,6,0.0,0);
INSERT INTO "mesure_virale" VALUES(583,200,1,3,6,0.0,0);
INSERT INTO "mesure_virale" VALUES(584,201,1,3,6,0.0,0);
INSERT INTO "mesure_virale" VALUES(585,202,1,3,6,0.0,0);
INSERT INTO "mesure_virale" VALUES(586,203,1,3,6,0.0,0);
INSERT INTO "mesure_virale" VALUES(587,204,1,3,6,0.0,0);
INSERT INTO "mesure_virale" VALUES(588,205,1,3,6,0.0,0);
INSERT INTO "mesure_virale" VALUES(589,206,1,3,6,934.0,1);
INSERT INTO "mesure_virale" VALUES(590,207,1,3,6,0.0,0);
INSERT INTO "mesure_virale" VALUES(591,208,1,3,6,52.6,1);
INSERT INTO "mesure_virale" VALUES(592,209,1,3,6,0.0,0);
INSERT INTO "mesure_virale" VALUES(593,210,1,3,6,56.6,1);
INSERT INTO "mesure_virale" VALUES(594,211,1,3,6,106.0,1);
INSERT INTO "mesure_virale" VALUES(595,212,1,3,6,0.0,0);
INSERT INTO "mesure_virale" VALUES(596,213,1,3,6,30100000.0,1);
INSERT INTO "mesure_virale" VALUES(597,214,1,3,6,0.0,0);
INSERT INTO "mesure_virale" VALUES(598,215,1,3,6,50.8,1);
INSERT INTO "mesure_virale" VALUES(599,216,1,3,6,0.0,0);
INSERT INTO "mesure_virale" VALUES(600,217,1,3,6,229.0,1);
INSERT INTO "mesure_virale" VALUES(601,218,1,3,6,562.0,1);
INSERT INTO "mesure_virale" VALUES(602,219,1,3,6,0.0,0);
INSERT INTO "mesure_virale" VALUES(603,220,1,3,6,45.7,1);
INSERT INTO "mesure_virale" VALUES(604,221,1,3,6,52.5,1);
INSERT INTO "mesure_virale" VALUES(605,222,1,3,6,193.0,1);
INSERT INTO "mesure_virale" VALUES(606,223,1,3,6,5500.0,1);
INSERT INTO "mesure_virale" VALUES(607,224,1,3,6,228.0,1);
INSERT INTO "mesure_virale" VALUES(608,225,1,3,6,0.0,0);
INSERT INTO "mesure_virale" VALUES(609,226,1,3,6,0.0,0);
INSERT INTO "mesure_virale" VALUES(610,227,1,3,6,0.0,0);
INSERT INTO "mesure_virale" VALUES(611,228,1,3,6,0.0,0);
INSERT INTO "mesure_virale" VALUES(612,229,1,3,6,6380.0,1);
INSERT INTO "mesure_virale" VALUES(613,230,1,3,6,285.0,1);
INSERT INTO "mesure_virale" VALUES(614,231,1,3,6,242.0,1);
INSERT INTO "mesure_virale" VALUES(615,232,1,3,6,157.0,1);
INSERT INTO "mesure_virale" VALUES(616,233,1,3,6,0.0,0);
INSERT INTO "mesure_virale" VALUES(617,234,1,3,6,0.0,0);
INSERT INTO "mesure_virale" VALUES(618,235,1,3,6,0.0,0);
INSERT INTO "mesure_virale" VALUES(619,236,1,3,6,64.0,1);
INSERT INTO "mesure_virale" VALUES(620,237,1,3,6,349.0,1);
INSERT INTO "mesure_virale" VALUES(621,238,1,3,6,58.3,1);
INSERT INTO "mesure_virale" VALUES(622,239,1,3,6,0.0,0);
INSERT INTO "mesure_virale" VALUES(623,240,1,3,6,0.0,0);
INSERT INTO "mesure_virale" VALUES(624,241,1,3,6,0.0,0);
INSERT INTO "mesure_virale" VALUES(625,242,1,3,6,65.4,1);
INSERT INTO "mesure_virale" VALUES(626,243,1,3,6,0.0,0);
INSERT INTO "mesure_virale" VALUES(627,244,1,3,6,1440.0,1);
INSERT INTO "mesure_virale" VALUES(628,245,1,3,6,130.0,1);
INSERT INTO "mesure_virale" VALUES(629,246,1,3,6,201.0,1);
INSERT INTO "mesure_virale" VALUES(630,247,1,3,6,129.0,1);
INSERT INTO "mesure_virale" VALUES(631,248,1,3,6,59.5,1);
INSERT INTO "mesure_virale" VALUES(632,249,1,3,6,56.8,1);
INSERT INTO "mesure_virale" VALUES(633,250,1,3,6,58.8,1);
INSERT INTO "mesure_virale" VALUES(634,251,1,3,6,0.0,0);
INSERT INTO "mesure_virale" VALUES(635,252,1,3,6,138.0,1);
INSERT INTO "mesure_virale" VALUES(636,253,1,3,6,0.0,0);
INSERT INTO "mesure_virale" VALUES(637,254,1,3,6,489.0,1);
INSERT INTO "mesure_virale" VALUES(638,255,1,3,6,0.0,0);
INSERT INTO "mesure_virale" VALUES(639,256,1,3,6,50.2,1);
INSERT INTO "mesure_virale" VALUES(640,257,1,3,6,57.0,1);
INSERT INTO "mesure_virale" VALUES(641,258,1,3,6,0.0,0);
INSERT INTO "mesure_virale" VALUES(642,259,1,3,6,0.0,0);
INSERT INTO "mesure_virale" VALUES(643,260,1,3,6,0.0,0);
INSERT INTO "mesure_virale" VALUES(644,261,1,3,6,0.0,0);
INSERT INTO "mesure_virale" VALUES(645,262,1,3,6,65800.0,1);
INSERT INTO "mesure_virale" VALUES(646,263,1,3,6,54.2,1);
INSERT INTO "mesure_virale" VALUES(647,264,1,3,6,0.0,0);
INSERT INTO "mesure_virale" VALUES(648,265,1,3,6,0.0,0);
INSERT INTO "mesure_virale" VALUES(649,266,1,3,6,138.0,1);
INSERT INTO "mesure_virale" VALUES(650,267,1,3,6,0.0,0);
INSERT INTO "mesure_virale" VALUES(651,268,1,3,6,243.0,1);
INSERT INTO "mesure_virale" VALUES(652,269,1,3,6,0.0,0);
INSERT INTO "mesure_virale" VALUES(653,270,1,3,6,0.0,0);
INSERT INTO "mesure_virale" VALUES(654,271,1,3,6,131.0,1);
INSERT INTO "mesure_virale" VALUES(655,272,1,3,6,147.0,1);
INSERT INTO "mesure_virale" VALUES(656,273,1,3,6,0.0,0);
INSERT INTO "mesure_virale" VALUES(657,274,1,3,6,0.0,0);
INSERT INTO "mesure_virale" VALUES(658,275,1,3,6,0.0,0);
INSERT INTO "mesure_virale" VALUES(659,276,1,3,6,34700000.0,1);
INSERT INTO "mesure_virale" VALUES(660,277,1,3,6,0.0,0);
INSERT INTO "mesure_virale" VALUES(661,278,1,3,6,1170.0,1);
INSERT INTO "mesure_virale" VALUES(662,279,1,3,6,0.0,0);
INSERT INTO "mesure_virale" VALUES(663,280,1,3,6,73.2,1);
INSERT INTO "mesure_virale" VALUES(664,281,1,3,6,83.1,1);
INSERT INTO "mesure_virale" VALUES(665,282,1,3,6,84.0,1);
INSERT INTO "mesure_virale" VALUES(666,283,1,3,6,13400000.0,1);
INSERT INTO "mesure_virale" VALUES(667,284,1,3,6,0.0,0);
INSERT INTO "mesure_virale" VALUES(668,285,1,3,6,0.0,0);
INSERT INTO "mesure_virale" VALUES(669,286,1,3,6,0.0,0);
INSERT INTO "mesure_virale" VALUES(670,287,1,3,6,0.0,0);
INSERT INTO "mesure_virale" VALUES(671,288,1,3,6,0.0,0);
INSERT INTO "mesure_virale" VALUES(672,289,1,3,6,0.0,0);
INSERT INTO "mesure_virale" VALUES(673,290,1,3,6,99.2,1);
INSERT INTO "mesure_virale" VALUES(674,291,1,3,6,5740.0,1);
INSERT INTO "mesure_virale" VALUES(675,292,1,3,6,386.0,1);
INSERT INTO "mesure_virale" VALUES(676,293,1,3,6,0.0,0);
INSERT INTO "mesure_virale" VALUES(677,294,1,3,6,37.7,1);
INSERT INTO "mesure_virale" VALUES(678,295,1,3,6,148.0,1);
INSERT INTO "mesure_virale" VALUES(679,296,1,3,6,0.0,0);
INSERT INTO "mesure_virale" VALUES(680,297,1,3,6,0.0,0);
INSERT INTO "mesure_virale" VALUES(681,298,1,3,6,0.0,0);
INSERT INTO "mesure_virale" VALUES(682,299,1,3,6,0.0,0);
INSERT INTO "mesure_virale" VALUES(683,300,1,3,6,75.8,1);
INSERT INTO "mesure_virale" VALUES(684,301,1,3,6,158.0,1);
INSERT INTO "mesure_virale" VALUES(685,302,1,3,6,0.0,0);
INSERT INTO "mesure_virale" VALUES(686,303,1,3,6,0.0,0);
INSERT INTO "mesure_virale" VALUES(687,304,1,3,6,0.0,0);
INSERT INTO "mesure_virale" VALUES(688,305,1,3,6,135.0,1);
INSERT INTO "mesure_virale" VALUES(689,306,1,3,6,0.0,0);
INSERT INTO "mesure_virale" VALUES(690,307,1,3,6,0.0,0);
INSERT INTO "mesure_virale" VALUES(691,308,1,3,6,0.0,0);
INSERT INTO "mesure_virale" VALUES(692,309,1,3,6,0.0,0);
INSERT INTO "mesure_virale" VALUES(693,310,1,3,6,71.9,1);
INSERT INTO "mesure_virale" VALUES(694,311,1,3,6,161.0,1);
INSERT INTO "mesure_virale" VALUES(695,312,1,3,6,0.0,0);
INSERT INTO "mesure_virale" VALUES(696,313,1,3,6,0.0,0);
INSERT INTO "mesure_virale" VALUES(697,314,1,3,6,0.0,0);
INSERT INTO "mesure_virale" VALUES(698,315,1,3,6,0.0,0);
INSERT INTO "mesure_virale" VALUES(699,316,1,3,6,0.0,0);
INSERT INTO "mesure_virale" VALUES(700,317,1,3,6,0.0,0);
INSERT INTO "mesure_virale" VALUES(701,318,1,3,6,0.0,0);
INSERT INTO "mesure_virale" VALUES(702,319,1,3,6,113.0,1);
INSERT INTO "mesure_virale" VALUES(703,320,1,3,6,41.5,1);
INSERT INTO "mesure_virale" VALUES(704,321,1,3,6,0.0,0);
INSERT INTO "mesure_virale" VALUES(705,322,1,3,6,0.0,0);
INSERT INTO "mesure_virale" VALUES(706,323,1,3,6,0.0,0);
INSERT INTO "mesure_virale" VALUES(707,324,1,3,6,70900000.0,1);
INSERT INTO "mesure_virale" VALUES(708,325,1,3,6,315.0,1);
INSERT INTO "mesure_virale" VALUES(709,326,1,3,6,370.0,1);
INSERT INTO "mesure_virale" VALUES(710,327,1,3,6,201.0,1);
INSERT INTO "mesure_virale" VALUES(711,328,1,3,6,410.0,1);
INSERT INTO "mesure_virale" VALUES(712,329,1,3,6,224.0,1);
INSERT INTO "mesure_virale" VALUES(713,330,1,3,6,129.0,1);
INSERT INTO "mesure_virale" VALUES(714,1,2,1,0,0.0,0);
INSERT INTO "mesure_virale" VALUES(715,2,2,1,0,0.0,0);
INSERT INTO "mesure_virale" VALUES(716,3,2,1,0,0.0,0);
INSERT INTO "mesure_virale" VALUES(717,4,2,1,0,0.0,0);
INSERT INTO "mesure_virale" VALUES(718,5,2,1,0,0.0,0);
INSERT INTO "mesure_virale" VALUES(719,6,2,1,0,0.0,0);
INSERT INTO "mesure_virale" VALUES(720,7,2,1,0,0.0,0);
INSERT INTO "mesure_virale" VALUES(721,8,2,1,0,0.0,0);
INSERT INTO "mesure_virale" VALUES(722,9,2,1,0,0.0,0);
INSERT INTO "mesure_virale" VALUES(723,10,2,1,0,0.0,0);
INSERT INTO "mesure_virale" VALUES(724,11,2,1,0,0.0,0);
INSERT INTO "mesure_virale" VALUES(725,12,2,1,0,0.0,0);
INSERT INTO "mesure_virale" VALUES(726,13,2,1,0,0.0,0);
INSERT INTO "mesure_virale" VALUES(727,14,2,1,0,0.0,0);
INSERT INTO "mesure_virale" VALUES(728,15,2,1,0,0.0,0);
INSERT INTO "mesure_virale" VALUES(729,16,2,1,0,0.0,0);
INSERT INTO "mesure_virale" VALUES(730,1,2,2,0,46000.0,1);
INSERT INTO "mesure_virale" VALUES(731,2,2,2,0,53400.0,1);
INSERT INTO "mesure_virale" VALUES(732,3,2,2,0,38900.0,1);
INSERT INTO "mesure_virale" VALUES(733,4,2,2,0,85800.0,1);
INSERT INTO "mesure_virale" VALUES(734,5,2,2,0,72900.0,1);
INSERT INTO "mesure_virale" VALUES(735,6,2,2,0,127000.0,1);
INSERT INTO "mesure_virale" VALUES(736,7,2,2,0,78600.0,1);
INSERT INTO "mesure_virale" VALUES(737,8,2,2,0,50000.0,1);
INSERT INTO "mesure_virale" VALUES(738,9,2,2,0,114000.0,1);
INSERT INTO "mesure_virale" VALUES(739,10,2,2,0,70900.0,1);
INSERT INTO "mesure_virale" VALUES(740,11,2,2,0,159000.0,1);
INSERT INTO "mesure_virale" VALUES(741,12,2,2,0,71800.0,1);
INSERT INTO "mesure_virale" VALUES(742,13,2,2,0,70100.0,1);
INSERT INTO "mesure_virale" VALUES(743,14,2,2,0,68000.0,1);
INSERT INTO "mesure_virale" VALUES(744,15,2,2,0,38000.0,1);
INSERT INTO "mesure_virale" VALUES(745,16,2,2,0,64000.0,1);
INSERT INTO "mesure_virale" VALUES(746,1,2,3,0,98200.0,1);
INSERT INTO "mesure_virale" VALUES(747,2,2,3,0,149000.0,1);
INSERT INTO "mesure_virale" VALUES(748,3,2,3,0,261000.0,1);
INSERT INTO "mesure_virale" VALUES(749,4,2,3,0,183000.0,1);
INSERT INTO "mesure_virale" VALUES(750,5,2,3,0,133000.0,1);
INSERT INTO "mesure_virale" VALUES(751,6,2,3,0,160000.0,1);
INSERT INTO "mesure_virale" VALUES(752,7,2,3,0,140000.0,1);
INSERT INTO "mesure_virale" VALUES(753,8,2,3,0,112000.0,1);
INSERT INTO "mesure_virale" VALUES(754,9,2,3,0,367000.0,1);
INSERT INTO "mesure_virale" VALUES(755,10,2,3,0,173000.0,1);
INSERT INTO "mesure_virale" VALUES(756,11,2,3,0,64700.0,1);
INSERT INTO "mesure_virale" VALUES(757,12,2,3,0,107000.0,1);
INSERT INTO "mesure_virale" VALUES(758,13,2,3,0,78200.0,1);
INSERT INTO "mesure_virale" VALUES(759,14,2,3,0,141000.0,1);
INSERT INTO "mesure_virale" VALUES(760,15,2,3,0,170000.0,1);
INSERT INTO "mesure_virale" VALUES(761,16,2,3,0,341000.0,1);
INSERT INTO "mesure_virale" VALUES(762,1,2,1,6,0.0,0);
INSERT INTO "mesure_virale" VALUES(763,2,2,1,6,0.0,0);
INSERT INTO "mesure_virale" VALUES(764,3,2,1,6,0.0,0);
INSERT INTO "mesure_virale" VALUES(765,4,2,1,6,0.0,0);
INSERT INTO "mesure_virale" VALUES(766,5,2,1,6,0.0,0);
INSERT INTO "mesure_virale" VALUES(767,6,2,1,6,0.0,0);
INSERT INTO "mesure_virale" VALUES(768,7,2,1,6,0.0,0);
INSERT INTO "mesure_virale" VALUES(769,8,2,1,6,0.0,0);
INSERT INTO "mesure_virale" VALUES(770,9,2,1,6,0.0,0);
INSERT INTO "mesure_virale" VALUES(771,10,2,1,6,0.0,0);
INSERT INTO "mesure_virale" VALUES(772,11,2,1,6,0.0,0);
INSERT INTO "mesure_virale" VALUES(773,12,2,1,6,0.0,0);
INSERT INTO "mesure_virale" VALUES(774,13,2,1,6,0.0,0);
INSERT INTO "mesure_virale" VALUES(775,14,2,1,6,0.0,0);
INSERT INTO "mesure_virale" VALUES(776,15,2,1,6,0.0,0);
INSERT INTO "mesure_virale" VALUES(777,16,2,1,6,0.0,0);
INSERT INTO "mesure_virale" VALUES(778,1,2,2,6,0.0,0);
INSERT INTO "mesure_virale" VALUES(779,2,2,2,6,57.9,1);
INSERT INTO "mesure_virale" VALUES(780,3,2,2,6,0.0,0);
INSERT INTO "mesure_virale" VALUES(781,4,2,2,6,71.8,1);
INSERT INTO "mesure_virale" VALUES(782,5,2,2,6,251.0,1);
INSERT INTO "mesure_virale" VALUES(783,6,2,2,6,0.0,0);
INSERT INTO "mesure_virale" VALUES(784,7,2,2,6,0.0,0);
INSERT INTO "mesure_virale" VALUES(785,8,2,2,6,141.0,1);
INSERT INTO "mesure_virale" VALUES(786,9,2,2,6,9710.0,1);
INSERT INTO "mesure_virale" VALUES(787,10,2,2,6,0.0,0);
INSERT INTO "mesure_virale" VALUES(788,11,2,2,6,0.0,0);
INSERT INTO "mesure_virale" VALUES(789,12,2,2,6,68.4,1);
INSERT INTO "mesure_virale" VALUES(790,13,2,2,6,0.0,0);
INSERT INTO "mesure_virale" VALUES(791,14,2,2,6,5560.0,1);
INSERT INTO "mesure_virale" VALUES(792,15,2,2,6,254.0,1);
INSERT INTO "mesure_virale" VALUES(793,16,2,2,6,155.0,1);
INSERT INTO "mesure_virale" VALUES(794,17,2,2,6,0.0,0);
INSERT INTO "mesure_virale" VALUES(795,18,2,2,6,71.3,1);
INSERT INTO "mesure_virale" VALUES(796,19,2,2,6,136.0,1);
INSERT INTO "mesure_virale" VALUES(797,20,2,2,6,24300.0,1);
INSERT INTO "mesure_virale" VALUES(798,21,2,2,6,278.0,1);
INSERT INTO "mesure_virale" VALUES(799,22,2,2,6,247.0,1);
INSERT INTO "mesure_virale" VALUES(800,23,2,2,6,179.0,1);
INSERT INTO "mesure_virale" VALUES(801,24,2,2,6,0.0,0);
INSERT INTO "mesure_virale" VALUES(802,25,2,2,6,127.0,1);
INSERT INTO "mesure_virale" VALUES(803,26,2,2,6,69.0,1);
INSERT INTO "mesure_virale" VALUES(804,27,2,2,6,114.0,1);
INSERT INTO "mesure_virale" VALUES(805,28,2,2,6,223.0,1);
INSERT INTO "mesure_virale" VALUES(806,29,2,2,6,0.0,0);
INSERT INTO "mesure_virale" VALUES(807,30,2,2,6,118.0,1);
INSERT INTO "mesure_virale" VALUES(808,31,2,2,6,0.0,0);
INSERT INTO "mesure_virale" VALUES(809,32,2,2,6,109.0,1);
INSERT INTO "mesure_virale" VALUES(810,33,2,2,6,135.0,1);
INSERT INTO "mesure_virale" VALUES(811,34,2,2,6,0.0,0);
INSERT INTO "mesure_virale" VALUES(812,35,2,2,6,0.0,0);
INSERT INTO "mesure_virale" VALUES(813,36,2,2,6,0.0,0);
INSERT INTO "mesure_virale" VALUES(814,37,2,2,6,20200.0,1);
INSERT INTO "mesure_virale" VALUES(815,38,2,2,6,0.0,0);
INSERT INTO "mesure_virale" VALUES(816,39,2,2,6,0.0,0);
INSERT INTO "mesure_virale" VALUES(817,40,2,2,6,0.0,0);
INSERT INTO "mesure_virale" VALUES(818,41,2,2,6,252000.0,1);
INSERT INTO "mesure_virale" VALUES(819,42,2,2,6,73.9,1);
INSERT INTO "mesure_virale" VALUES(820,43,2,2,6,0.0,0);
INSERT INTO "mesure_virale" VALUES(821,44,2,2,6,68.1,1);
INSERT INTO "mesure_virale" VALUES(822,45,2,2,6,68.7,1);
INSERT INTO "mesure_virale" VALUES(823,46,2,2,6,0.0,0);
INSERT INTO "mesure_virale" VALUES(824,47,2,2,6,58.5,1);
INSERT INTO "mesure_virale" VALUES(825,48,2,2,6,2150.0,1);
INSERT INTO "mesure_virale" VALUES(826,49,2,2,6,75.2,1);
INSERT INTO "mesure_virale" VALUES(827,50,2,2,6,128.0,1);
INSERT INTO "mesure_virale" VALUES(828,51,2,2,6,26100.0,1);
INSERT INTO "mesure_virale" VALUES(829,52,2,2,6,272.0,1);
INSERT INTO "mesure_virale" VALUES(830,53,2,2,6,136.0,1);
INSERT INTO "mesure_virale" VALUES(831,54,2,2,6,270.0,1);
INSERT INTO "mesure_virale" VALUES(832,55,2,2,6,0.0,0);
INSERT INTO "mesure_virale" VALUES(833,56,2,2,6,0.0,0);
INSERT INTO "mesure_virale" VALUES(834,57,2,2,6,370.0,1);
INSERT INTO "mesure_virale" VALUES(835,58,2,2,6,0.0,0);
INSERT INTO "mesure_virale" VALUES(836,59,2,2,6,150.0,1);
INSERT INTO "mesure_virale" VALUES(837,60,2,2,6,51700.0,1);
INSERT INTO "mesure_virale" VALUES(838,61,2,2,6,13000000.0,1);
INSERT INTO "mesure_virale" VALUES(839,62,2,2,6,0.0,0);
INSERT INTO "mesure_virale" VALUES(840,63,2,2,6,0.0,0);
INSERT INTO "mesure_virale" VALUES(841,64,2,2,6,0.0,0);
INSERT INTO "mesure_virale" VALUES(842,65,2,2,6,0.0,0);
INSERT INTO "mesure_virale" VALUES(843,66,2,2,6,0.0,0);
INSERT INTO "mesure_virale" VALUES(844,67,2,2,6,0.0,0);
INSERT INTO "mesure_virale" VALUES(845,68,2,2,6,363.0,1);
INSERT INTO "mesure_virale" VALUES(846,69,2,2,6,0.0,0);
INSERT INTO "mesure_virale" VALUES(847,70,2,2,6,0.0,0);
INSERT INTO "mesure_virale" VALUES(848,71,2,2,6,0.0,0);
INSERT INTO "mesure_virale" VALUES(849,72,2,2,6,111.0,1);
INSERT INTO "mesure_virale" VALUES(850,73,2,2,6,49000.0,1);
INSERT INTO "mesure_virale" VALUES(851,74,2,2,6,32200.0,1);
INSERT INTO "mesure_virale" VALUES(852,75,2,2,6,82.9,1);
INSERT INTO "mesure_virale" VALUES(853,76,2,2,6,78.2,1);
INSERT INTO "mesure_virale" VALUES(854,77,2,2,6,0.0,0);
INSERT INTO "mesure_virale" VALUES(855,78,2,2,6,0.0,0);
INSERT INTO "mesure_virale" VALUES(856,79,2,2,6,0.0,0);
INSERT INTO "mesure_virale" VALUES(857,80,2,2,6,0.0,0);
INSERT INTO "mesure_virale" VALUES(858,81,2,2,6,0.0,0);
INSERT INTO "mesure_virale" VALUES(859,82,2,2,6,0.0,0);
INSERT INTO "mesure_virale" VALUES(860,83,2,2,6,141.0,1);
INSERT INTO "mesure_virale" VALUES(861,84,2,2,6,77.4,1);
INSERT INTO "mesure_virale" VALUES(862,85,2,2,6,0.0,0);
INSERT INTO "mesure_virale" VALUES(863,86,2,2,6,181.0,1);
INSERT INTO "mesure_virale" VALUES(864,87,2,2,6,130.0,1);
INSERT INTO "mesure_virale" VALUES(865,88,2,2,6,0.0,0);
INSERT INTO "mesure_virale" VALUES(866,89,2,2,6,0.0,0);
INSERT INTO "mesure_virale" VALUES(867,90,2,2,6,39.5,1);
INSERT INTO "mesure_virale" VALUES(868,91,2,2,6,192.0,1);
INSERT INTO "mesure_virale" VALUES(869,92,2,2,6,21100.0,1);
INSERT INTO "mesure_virale" VALUES(870,93,2,2,6,0.0,0);
INSERT INTO "mesure_virale" VALUES(871,94,2,2,6,68.4,1);
INSERT INTO "mesure_virale" VALUES(872,95,2,2,6,0.0,0);
INSERT INTO "mesure_virale" VALUES(873,96,2,2,6,76.3,1);
INSERT INTO "mesure_virale" VALUES(874,97,2,2,6,146.0,1);
INSERT INTO "mesure_virale" VALUES(875,98,2,2,6,0.0,0);
INSERT INTO "mesure_virale" VALUES(876,99,2,2,6,0.0,0);
INSERT INTO "mesure_virale" VALUES(877,100,2,2,6,101.0,1);
INSERT INTO "mesure_virale" VALUES(878,101,2,2,6,0.0,0);
INSERT INTO "mesure_virale" VALUES(879,102,2,2,6,138.0,1);
INSERT INTO "mesure_virale" VALUES(880,103,2,2,6,0.0,0);
INSERT INTO "mesure_virale" VALUES(881,104,2,2,6,75.5,1);
INSERT INTO "mesure_virale" VALUES(882,105,2,2,6,0.0,0);
INSERT INTO "mesure_virale" VALUES(883,106,2,2,6,0.0,0);
INSERT INTO "mesure_virale" VALUES(884,107,2,2,6,0.0,0);
INSERT INTO "mesure_virale" VALUES(885,108,2,2,6,0.0,0);
INSERT INTO "mesure_virale" VALUES(886,109,2,2,6,0.0,0);
INSERT INTO "mesure_virale" VALUES(887,110,2,2,6,74.3,1);
INSERT INTO "mesure_virale" VALUES(888,111,2,2,6,0.0,0);
INSERT INTO "mesure_virale" VALUES(889,112,2,2,6,308000000.0,1);
INSERT INTO "mesure_virale" VALUES(890,113,2,2,6,0.0,0);
INSERT INTO "mesure_virale" VALUES(891,114,2,2,6,0.0,0);
INSERT INTO "mesure_virale" VALUES(892,115,2,2,6,433.0,1);
INSERT INTO "mesure_virale" VALUES(893,116,2,2,6,0.0,0);
INSERT INTO "mesure_virale" VALUES(894,117,2,2,6,1080.0,1);
INSERT INTO "mesure_virale" VALUES(895,118,2,2,6,0.0,0);
INSERT INTO "mesure_virale" VALUES(896,119,2,2,6,0.0,0);
INSERT INTO "mesure_virale" VALUES(897,120,2,2,6,0.0,0);
INSERT INTO "mesure_virale" VALUES(898,121,2,2,6,35900.0,1);
INSERT INTO "mesure_virale" VALUES(899,122,2,2,6,0.0,0);
INSERT INTO "mesure_virale" VALUES(900,123,2,2,6,0.0,0);
INSERT INTO "mesure_virale" VALUES(901,124,2,2,6,0.0,0);
INSERT INTO "mesure_virale" VALUES(902,125,2,2,6,0.0,0);
INSERT INTO "mesure_virale" VALUES(903,126,2,2,6,50800.0,1);
INSERT INTO "mesure_virale" VALUES(904,127,2,2,6,291.0,1);
INSERT INTO "mesure_virale" VALUES(905,128,2,2,6,153.0,1);
INSERT INTO "mesure_virale" VALUES(906,129,2,2,6,14800.0,1);
INSERT INTO "mesure_virale" VALUES(907,130,2,2,6,275.0,1);
INSERT INTO "mesure_virale" VALUES(908,131,2,2,6,141.0,1);
INSERT INTO "mesure_virale" VALUES(909,132,2,2,6,346.0,1);
INSERT INTO "mesure_virale" VALUES(910,133,2,2,6,0.0,0);
INSERT INTO "mesure_virale" VALUES(911,134,2,2,6,298.0,1);
INSERT INTO "mesure_virale" VALUES(912,135,2,2,6,0.0,0);
INSERT INTO "mesure_virale" VALUES(913,136,2,2,6,350.0,1);
INSERT INTO "mesure_virale" VALUES(914,137,2,2,6,317.0,1);
INSERT INTO "mesure_virale" VALUES(915,138,2,2,6,0.0,0);
INSERT INTO "mesure_virale" VALUES(916,139,2,2,6,0.0,0);
INSERT INTO "mesure_virale" VALUES(917,140,2,2,6,95.4,1);
INSERT INTO "mesure_virale" VALUES(918,141,2,2,6,0.0,0);
INSERT INTO "mesure_virale" VALUES(919,142,2,2,6,70.3,1);
INSERT INTO "mesure_virale" VALUES(920,143,2,2,6,0.0,0);
INSERT INTO "mesure_virale" VALUES(921,144,2,2,6,0.0,0);
INSERT INTO "mesure_virale" VALUES(922,145,2,2,6,0.0,0);
INSERT INTO "mesure_virale" VALUES(923,146,2,2,6,0.0,0);
INSERT INTO "mesure_virale" VALUES(924,147,2,2,6,83.6,1);
INSERT INTO "mesure_virale" VALUES(925,148,2,2,6,0.0,0);
INSERT INTO "mesure_virale" VALUES(926,149,2,2,6,231.0,1);
INSERT INTO "mesure_virale" VALUES(927,150,2,2,6,0.0,0);
INSERT INTO "mesure_virale" VALUES(928,151,2,2,6,419.0,1);
INSERT INTO "mesure_virale" VALUES(929,152,2,2,6,0.0,0);
INSERT INTO "mesure_virale" VALUES(930,153,2,2,6,132.0,1);
INSERT INTO "mesure_virale" VALUES(931,154,2,2,6,83.3,1);
INSERT INTO "mesure_virale" VALUES(932,155,2,2,6,0.0,0);
INSERT INTO "mesure_virale" VALUES(933,156,2,2,6,0.0,0);
INSERT INTO "mesure_virale" VALUES(934,157,2,2,6,0.0,0);
INSERT INTO "mesure_virale" VALUES(935,158,2,2,6,0.0,0);
INSERT INTO "mesure_virale" VALUES(936,159,2,2,6,0.0,0);
INSERT INTO "mesure_virale" VALUES(937,160,2,2,6,92.1,1);
INSERT INTO "mesure_virale" VALUES(938,161,2,2,6,174.0,1);
INSERT INTO "mesure_virale" VALUES(939,162,2,2,6,82.5,1);
INSERT INTO "mesure_virale" VALUES(940,163,2,2,6,310.0,1);
INSERT INTO "mesure_virale" VALUES(941,164,2,2,6,0.0,0);
INSERT INTO "mesure_virale" VALUES(942,165,2,2,6,62100.0,1);
INSERT INTO "mesure_virale" VALUES(943,166,2,2,6,1910.0,1);
INSERT INTO "mesure_virale" VALUES(944,167,2,2,6,329.0,1);
INSERT INTO "mesure_virale" VALUES(945,168,2,2,6,115.0,1);
INSERT INTO "mesure_virale" VALUES(946,169,2,2,6,0.0,0);
INSERT INTO "mesure_virale" VALUES(947,170,2,2,6,0.0,0);
INSERT INTO "mesure_virale" VALUES(948,171,2,2,6,89.9,1);
INSERT INTO "mesure_virale" VALUES(949,172,2,2,6,0.0,0);
INSERT INTO "mesure_virale" VALUES(950,173,2,2,6,0.0,0);
INSERT INTO "mesure_virale" VALUES(951,174,2,2,6,172.0,1);
INSERT INTO "mesure_virale" VALUES(952,175,2,2,6,425.0,1);
INSERT INTO "mesure_virale" VALUES(953,176,2,2,6,0.0,0);
INSERT INTO "mesure_virale" VALUES(954,177,2,2,6,0.0,0);
INSERT INTO "mesure_virale" VALUES(955,178,2,2,6,0.0,0);
INSERT INTO "mesure_virale" VALUES(956,179,2,2,6,105.0,1);
INSERT INTO "mesure_virale" VALUES(957,180,2,2,6,67300000.0,1);
INSERT INTO "mesure_virale" VALUES(958,181,2,2,6,0.0,0);
INSERT INTO "mesure_virale" VALUES(959,182,2,2,6,441.0,1);
INSERT INTO "mesure_virale" VALUES(960,183,2,2,6,105.0,1);
INSERT INTO "mesure_virale" VALUES(961,184,2,2,6,2240.0,1);
INSERT INTO "mesure_virale" VALUES(962,185,2,2,6,0.0,0);
INSERT INTO "mesure_virale" VALUES(963,186,2,2,6,259.0,1);
INSERT INTO "mesure_virale" VALUES(964,187,2,2,6,195.0,1);
INSERT INTO "mesure_virale" VALUES(965,188,2,2,6,0.0,0);
INSERT INTO "mesure_virale" VALUES(966,189,2,2,6,0.0,0);
INSERT INTO "mesure_virale" VALUES(967,190,2,2,6,161.0,1);
INSERT INTO "mesure_virale" VALUES(968,191,2,2,6,0.0,0);
INSERT INTO "mesure_virale" VALUES(969,192,2,2,6,908.0,1);
INSERT INTO "mesure_virale" VALUES(970,193,2,2,6,506.0,1);
INSERT INTO "mesure_virale" VALUES(971,194,2,2,6,0.0,0);
INSERT INTO "mesure_virale" VALUES(972,195,2,2,6,204.0,1);
INSERT INTO "mesure_virale" VALUES(973,196,2,2,6,109.0,1);
INSERT INTO "mesure_virale" VALUES(974,197,2,2,6,115.0,1);
INSERT INTO "mesure_virale" VALUES(975,198,2,2,6,0.0,0);
INSERT INTO "mesure_virale" VALUES(976,199,2,2,6,1960.0,1);
INSERT INTO "mesure_virale" VALUES(977,200,2,2,6,0.0,0);
INSERT INTO "mesure_virale" VALUES(978,201,2,2,6,1560.0,1);
INSERT INTO "mesure_virale" VALUES(979,202,2,2,6,6820.0,1);
INSERT INTO "mesure_virale" VALUES(980,203,2,2,6,48.3,1);
INSERT INTO "mesure_virale" VALUES(981,204,2,2,6,50.3,1);
INSERT INTO "mesure_virale" VALUES(982,205,2,2,6,0.0,0);
INSERT INTO "mesure_virale" VALUES(983,206,2,2,6,105.0,1);
INSERT INTO "mesure_virale" VALUES(984,207,2,2,6,54.9,1);
INSERT INTO "mesure_virale" VALUES(985,208,2,2,6,0.0,0);
INSERT INTO "mesure_virale" VALUES(986,209,2,2,6,147.0,1);
INSERT INTO "mesure_virale" VALUES(987,210,2,2,6,0.0,0);
INSERT INTO "mesure_virale" VALUES(988,211,2,2,6,57.2,1);
INSERT INTO "mesure_virale" VALUES(989,212,2,2,6,0.0,0);
INSERT INTO "mesure_virale" VALUES(990,213,2,2,6,51.2,1);
INSERT INTO "mesure_virale" VALUES(991,214,2,2,6,216.0,1);
INSERT INTO "mesure_virale" VALUES(992,215,2,2,6,0.0,0);
INSERT INTO "mesure_virale" VALUES(993,216,2,2,6,380.0,1);
INSERT INTO "mesure_virale" VALUES(994,217,2,2,6,0.0,0);
INSERT INTO "mesure_virale" VALUES(995,218,2,2,6,46.7,1);
INSERT INTO "mesure_virale" VALUES(996,219,2,2,6,0.0,0);
INSERT INTO "mesure_virale" VALUES(997,220,2,2,6,58.7,1);
INSERT INTO "mesure_virale" VALUES(998,221,2,2,6,0.0,0);
INSERT INTO "mesure_virale" VALUES(999,222,2,2,6,397.0,1);
INSERT INTO "mesure_virale" VALUES(1000,223,2,2,6,433000000.0,1);
INSERT INTO "mesure_virale" VALUES(1001,224,2,2,6,114.0,1);
INSERT INTO "mesure_virale" VALUES(1002,225,2,2,6,325.0,1);
INSERT INTO "mesure_virale" VALUES(1003,226,2,2,6,0.0,0);
INSERT INTO "mesure_virale" VALUES(1004,227,2,2,6,117.0,1);
INSERT INTO "mesure_virale" VALUES(1005,228,2,2,6,0.0,0);
INSERT INTO "mesure_virale" VALUES(1006,229,2,2,6,397000000.0,1);
INSERT INTO "mesure_virale" VALUES(1007,230,2,2,6,0.0,0);
INSERT INTO "mesure_virale" VALUES(1008,231,2,2,6,0.0,0);
INSERT INTO "mesure_virale" VALUES(1009,232,2,2,6,159.0,1);
INSERT INTO "mesure_virale" VALUES(1010,233,2,2,6,65.0,1);
INSERT INTO "mesure_virale" VALUES(1011,234,2,2,6,17200000.0,1);
INSERT INTO "mesure_virale" VALUES(1012,235,2,2,6,0.0,0);
INSERT INTO "mesure_virale" VALUES(1013,236,2,2,6,0.0,0);
INSERT INTO "mesure_virale" VALUES(1014,237,2,2,6,0.0,0);
INSERT INTO "mesure_virale" VALUES(1015,238,2,2,6,257000000.0,1);
INSERT INTO "mesure_virale" VALUES(1016,239,2,2,6,0.0,0);
INSERT INTO "mesure_virale" VALUES(1017,240,2,2,6,0.0,0);
INSERT INTO "mesure_virale" VALUES(1018,241,2,2,6,0.0,0);
INSERT INTO "mesure_virale" VALUES(1019,242,2,2,6,338.0,1);
INSERT INTO "mesure_virale" VALUES(1020,243,2,2,6,0.0,0);
INSERT INTO "mesure_virale" VALUES(1021,244,2,2,6,0.0,0);
INSERT INTO "mesure_virale" VALUES(1022,245,2,2,6,0.0,0);
INSERT INTO "mesure_virale" VALUES(1023,246,2,2,6,49.7,1);
INSERT INTO "mesure_virale" VALUES(1024,247,2,2,6,0.0,0);
INSERT INTO "mesure_virale" VALUES(1025,248,2,2,6,1020.0,1);
INSERT INTO "mesure_virale" VALUES(1026,249,2,2,6,1190.0,1);
INSERT INTO "mesure_virale" VALUES(1027,250,2,2,6,33.9,1);
INSERT INTO "mesure_virale" VALUES(1028,1,2,3,6,244.0,1);
INSERT INTO "mesure_virale" VALUES(1029,2,2,3,6,0.0,0);
INSERT INTO "mesure_virale" VALUES(1030,3,2,3,6,138.0,1);
INSERT INTO "mesure_virale" VALUES(1031,4,2,3,6,0.0,0);
INSERT INTO "mesure_virale" VALUES(1032,5,2,3,6,81.8,1);
INSERT INTO "mesure_virale" VALUES(1033,6,2,3,6,0.0,0);
INSERT INTO "mesure_virale" VALUES(1034,7,2,3,6,0.0,0);
INSERT INTO "mesure_virale" VALUES(1035,8,2,3,6,0.0,0);
INSERT INTO "mesure_virale" VALUES(1036,9,2,3,6,0.0,0);
INSERT INTO "mesure_virale" VALUES(1037,10,2,3,6,18600.0,1);
INSERT INTO "mesure_virale" VALUES(1038,11,2,3,6,238.0,1);
INSERT INTO "mesure_virale" VALUES(1039,12,2,3,6,232.0,1);
INSERT INTO "mesure_virale" VALUES(1040,13,2,3,6,0.0,0);
INSERT INTO "mesure_virale" VALUES(1041,14,2,3,6,70.5,1);
INSERT INTO "mesure_virale" VALUES(1042,15,2,3,6,200.0,1);
INSERT INTO "mesure_virale" VALUES(1043,16,2,3,6,76.2,1);
INSERT INTO "mesure_virale" VALUES(1044,17,2,3,6,203.0,1);
INSERT INTO "mesure_virale" VALUES(1045,18,2,3,6,0.0,0);
INSERT INTO "mesure_virale" VALUES(1046,19,2,3,6,0.0,0);
INSERT INTO "mesure_virale" VALUES(1047,20,2,3,6,0.0,0);
INSERT INTO "mesure_virale" VALUES(1048,21,2,3,6,1300.0,1);
INSERT INTO "mesure_virale" VALUES(1049,22,2,3,6,2100.0,1);
INSERT INTO "mesure_virale" VALUES(1050,23,2,3,6,0.0,0);
INSERT INTO "mesure_virale" VALUES(1051,24,2,3,6,0.0,0);
INSERT INTO "mesure_virale" VALUES(1052,25,2,3,6,0.0,0);
INSERT INTO "mesure_virale" VALUES(1053,26,2,3,6,94.1,1);
INSERT INTO "mesure_virale" VALUES(1054,27,2,3,6,0.0,0);
INSERT INTO "mesure_virale" VALUES(1055,28,2,3,6,116.0,1);
INSERT INTO "mesure_virale" VALUES(1056,29,2,3,6,96.1,1);
INSERT INTO "mesure_virale" VALUES(1057,30,2,3,6,112.0,1);
INSERT INTO "mesure_virale" VALUES(1058,31,2,3,6,105.0,1);
INSERT INTO "mesure_virale" VALUES(1059,32,2,3,6,110.0,1);
INSERT INTO "mesure_virale" VALUES(1060,33,2,3,6,297.0,1);
INSERT INTO "mesure_virale" VALUES(1061,34,2,3,6,0.0,0);
INSERT INTO "mesure_virale" VALUES(1062,35,2,3,6,87100.0,1);
INSERT INTO "mesure_virale" VALUES(1063,36,2,3,6,0.0,0);
INSERT INTO "mesure_virale" VALUES(1064,37,2,3,6,0.0,0);
INSERT INTO "mesure_virale" VALUES(1065,38,2,3,6,95.1,1);
INSERT INTO "mesure_virale" VALUES(1066,39,2,3,6,0.0,0);
INSERT INTO "mesure_virale" VALUES(1067,40,2,3,6,0.0,0);
INSERT INTO "mesure_virale" VALUES(1068,41,2,3,6,942.0,1);
INSERT INTO "mesure_virale" VALUES(1069,42,2,3,6,134.0,1);
INSERT INTO "mesure_virale" VALUES(1070,43,2,3,6,0.0,0);
INSERT INTO "mesure_virale" VALUES(1071,44,2,3,6,0.0,0);
INSERT INTO "mesure_virale" VALUES(1072,45,2,3,6,0.0,0);
INSERT INTO "mesure_virale" VALUES(1073,46,2,3,6,57200.0,1);
INSERT INTO "mesure_virale" VALUES(1074,47,2,3,6,189.0,1);
INSERT INTO "mesure_virale" VALUES(1075,48,2,3,6,0.0,0);
INSERT INTO "mesure_virale" VALUES(1076,49,2,3,6,233.0,1);
INSERT INTO "mesure_virale" VALUES(1077,50,2,3,6,0.0,0);
INSERT INTO "mesure_virale" VALUES(1078,51,2,3,6,479.0,1);
INSERT INTO "mesure_virale" VALUES(1079,52,2,3,6,129.0,1);
INSERT INTO "mesure_virale" VALUES(1080,53,2,3,6,503.0,1);
INSERT INTO "mesure_virale" VALUES(1081,54,2,3,6,136.0,1);
INSERT INTO "mesure_virale" VALUES(1082,55,2,3,6,1480.0,1);
INSERT INTO "mesure_virale" VALUES(1083,56,2,3,6,0.0,0);
INSERT INTO "mesure_virale" VALUES(1084,57,2,3,6,0.0,0);
INSERT INTO "mesure_virale" VALUES(1085,58,2,3,6,584.0,1);
INSERT INTO "mesure_virale" VALUES(1086,59,2,3,6,0.0,0);
INSERT INTO "mesure_virale" VALUES(1087,60,2,3,6,0.0,0);
INSERT INTO "mesure_virale" VALUES(1088,61,2,3,6,0.0,0);
INSERT INTO "mesure_virale" VALUES(1089,62,2,3,6,118.0,1);
INSERT INTO "mesure_virale" VALUES(1090,63,2,3,6,0.0,0);
INSERT INTO "mesure_virale" VALUES(1091,64,2,3,6,0.0,0);
INSERT INTO "mesure_virale" VALUES(1092,65,2,3,6,0.0,0);
INSERT INTO "mesure_virale" VALUES(1093,66,2,3,6,23300000.0,1);
INSERT INTO "mesure_virale" VALUES(1094,67,2,3,6,379.0,1);
INSERT INTO "mesure_virale" VALUES(1095,68,2,3,6,0.0,0);
INSERT INTO "mesure_virale" VALUES(1096,69,2,3,6,0.0,0);
INSERT INTO "mesure_virale" VALUES(1097,70,2,3,6,0.0,0);
INSERT INTO "mesure_virale" VALUES(1098,71,2,3,6,120.0,1);
INSERT INTO "mesure_virale" VALUES(1099,72,2,3,6,132000.0,1);
INSERT INTO "mesure_virale" VALUES(1100,73,2,3,6,0.0,0);
INSERT INTO "mesure_virale" VALUES(1101,74,2,3,6,125.0,1);
INSERT INTO "mesure_virale" VALUES(1102,75,2,3,6,0.0,0);
INSERT INTO "mesure_virale" VALUES(1103,76,2,3,6,0.0,0);
INSERT INTO "mesure_virale" VALUES(1104,77,2,3,6,137.0,1);
INSERT INTO "mesure_virale" VALUES(1105,78,2,3,6,27000.0,1);
INSERT INTO "mesure_virale" VALUES(1106,79,2,3,6,0.0,0);
INSERT INTO "mesure_virale" VALUES(1107,80,2,3,6,0.0,0);
INSERT INTO "mesure_virale" VALUES(1108,81,2,3,6,76600.0,1);
INSERT INTO "mesure_virale" VALUES(1109,82,2,3,6,0.0,0);
INSERT INTO "mesure_virale" VALUES(1110,83,2,3,6,0.0,0);
INSERT INTO "mesure_virale" VALUES(1111,84,2,3,6,0.0,0);
INSERT INTO "mesure_virale" VALUES(1112,85,2,3,6,0.0,0);
INSERT INTO "mesure_virale" VALUES(1113,86,2,3,6,245.0,1);
INSERT INTO "mesure_virale" VALUES(1114,87,2,3,6,0.0,0);
INSERT INTO "mesure_virale" VALUES(1115,88,2,3,6,129.0,1);
INSERT INTO "mesure_virale" VALUES(1116,89,2,3,6,1710.0,1);
INSERT INTO "mesure_virale" VALUES(1117,90,2,3,6,119.0,1);
INSERT INTO "mesure_virale" VALUES(1118,91,2,3,6,12200.0,1);
INSERT INTO "mesure_virale" VALUES(1119,92,2,3,6,99.8,1);
INSERT INTO "mesure_virale" VALUES(1120,93,2,3,6,0.0,0);
INSERT INTO "mesure_virale" VALUES(1121,94,2,3,6,0.0,0);
INSERT INTO "mesure_virale" VALUES(1122,95,2,3,6,401.0,1);
INSERT INTO "mesure_virale" VALUES(1123,96,2,3,6,105.0,1);
INSERT INTO "mesure_virale" VALUES(1124,97,2,3,6,116.0,1);
INSERT INTO "mesure_virale" VALUES(1125,98,2,3,6,0.0,0);
INSERT INTO "mesure_virale" VALUES(1126,99,2,3,6,487.0,1);
INSERT INTO "mesure_virale" VALUES(1127,100,2,3,6,0.0,0);
INSERT INTO "mesure_virale" VALUES(1128,101,2,3,6,46100.0,1);
INSERT INTO "mesure_virale" VALUES(1129,102,2,3,6,17900.0,1);
INSERT INTO "mesure_virale" VALUES(1130,103,2,3,6,0.0,0);
INSERT INTO "mesure_virale" VALUES(1131,104,2,3,6,0.0,0);
INSERT INTO "mesure_virale" VALUES(1132,105,2,3,6,0.0,0);
INSERT INTO "mesure_virale" VALUES(1133,106,2,3,6,0.0,0);
INSERT INTO "mesure_virale" VALUES(1134,107,2,3,6,77000.0,1);
INSERT INTO "mesure_virale" VALUES(1135,108,2,3,6,29900.0,1);
INSERT INTO "mesure_virale" VALUES(1136,109,2,3,6,0.0,0);
INSERT INTO "mesure_virale" VALUES(1137,110,2,3,6,0.0,0);
INSERT INTO "mesure_virale" VALUES(1138,111,2,3,6,0.0,0);
INSERT INTO "mesure_virale" VALUES(1139,112,2,3,6,213.0,1);
INSERT INTO "mesure_virale" VALUES(1140,113,2,3,6,0.0,0);
INSERT INTO "mesure_virale" VALUES(1141,114,2,3,6,0.0,0);
INSERT INTO "mesure_virale" VALUES(1142,115,2,3,6,0.0,0);
INSERT INTO "mesure_virale" VALUES(1143,116,2,3,6,0.0,0);
INSERT INTO "mesure_virale" VALUES(1144,117,2,3,6,0.0,0);
INSERT INTO "mesure_virale" VALUES(1145,118,2,3,6,0.0,0);
INSERT INTO "mesure_virale" VALUES(1146,119,2,3,6,93700000.0,1);
INSERT INTO "mesure_virale" VALUES(1147,120,2,3,6,631.0,1);
INSERT INTO "mesure_virale" VALUES(1148,121,2,3,6,0.0,0);
INSERT INTO "mesure_virale" VALUES(1149,122,2,3,6,102.0,1);
INSERT INTO "mesure_virale" VALUES(1150,123,2,3,6,386.0,1);
INSERT INTO "mesure_virale" VALUES(1151,124,2,3,6,207.0,1);
INSERT INTO "mesure_virale" VALUES(1152,125,2,3,6,0.0,0);
INSERT INTO "mesure_virale" VALUES(1153,126,2,3,6,0.0,0);
INSERT INTO "mesure_virale" VALUES(1154,127,2,3,6,0.0,0);
INSERT INTO "mesure_virale" VALUES(1155,128,2,3,6,0.0,0);
INSERT INTO "mesure_virale" VALUES(1156,129,2,3,6,118.0,1);
INSERT INTO "mesure_virale" VALUES(1157,130,2,3,6,134.0,1);
INSERT INTO "mesure_virale" VALUES(1158,131,2,3,6,0.0,0);
INSERT INTO "mesure_virale" VALUES(1159,132,2,3,6,0.0,0);
INSERT INTO "mesure_virale" VALUES(1160,133,2,3,6,114.0,1);
INSERT INTO "mesure_virale" VALUES(1161,134,2,3,6,0.0,0);
INSERT INTO "mesure_virale" VALUES(1162,135,2,3,6,49.4,1);
INSERT INTO "mesure_virale" VALUES(1163,136,2,3,6,0.0,0);
INSERT INTO "mesure_virale" VALUES(1164,137,2,3,6,0.0,0);
INSERT INTO "mesure_virale" VALUES(1165,138,2,3,6,132.0,1);
INSERT INTO "mesure_virale" VALUES(1166,139,2,3,6,0.0,0);
INSERT INTO "mesure_virale" VALUES(1167,140,2,3,6,0.0,0);
INSERT INTO "mesure_virale" VALUES(1168,141,2,3,6,953.0,1);
INSERT INTO "mesure_virale" VALUES(1169,142,2,3,6,0.0,0);
INSERT INTO "mesure_virale" VALUES(1170,143,2,3,6,2470.0,1);
INSERT INTO "mesure_virale" VALUES(1171,144,2,3,6,128000000.0,1);
INSERT INTO "mesure_virale" VALUES(1172,145,2,3,6,386.0,1);
INSERT INTO "mesure_virale" VALUES(1173,146,2,3,6,126.0,1);
INSERT INTO "mesure_virale" VALUES(1174,147,2,3,6,0.0,0);
INSERT INTO "mesure_virale" VALUES(1175,148,2,3,6,0.0,0);
INSERT INTO "mesure_virale" VALUES(1176,149,2,3,6,454.0,1);
INSERT INTO "mesure_virale" VALUES(1177,150,2,3,6,227.0,1);
INSERT INTO "mesure_virale" VALUES(1178,151,2,3,6,1920.0,1);
INSERT INTO "mesure_virale" VALUES(1179,152,2,3,6,902.0,1);
INSERT INTO "mesure_virale" VALUES(1180,153,2,3,6,12500.0,1);
INSERT INTO "mesure_virale" VALUES(1181,154,2,3,6,0.0,0);
INSERT INTO "mesure_virale" VALUES(1182,155,2,3,6,525.0,1);
INSERT INTO "mesure_virale" VALUES(1183,156,2,3,6,123.0,1);
INSERT INTO "mesure_virale" VALUES(1184,157,2,3,6,763.0,1);
INSERT INTO "mesure_virale" VALUES(1185,158,2,3,6,0.0,0);
INSERT INTO "mesure_virale" VALUES(1186,159,2,3,6,1260.0,1);
INSERT INTO "mesure_virale" VALUES(1187,160,2,3,6,0.0,0);
INSERT INTO "mesure_virale" VALUES(1188,161,2,3,6,0.0,0);
INSERT INTO "mesure_virale" VALUES(1189,162,2,3,6,110.0,1);
INSERT INTO "mesure_virale" VALUES(1190,163,2,3,6,0.0,0);
INSERT INTO "mesure_virale" VALUES(1191,164,2,3,6,0.0,0);
INSERT INTO "mesure_virale" VALUES(1192,165,2,3,6,0.0,0);
INSERT INTO "mesure_virale" VALUES(1193,166,2,3,6,0.0,0);
INSERT INTO "mesure_virale" VALUES(1194,167,2,3,6,51.0,1);
INSERT INTO "mesure_virale" VALUES(1195,168,2,3,6,0.0,0);
INSERT INTO "mesure_virale" VALUES(1196,169,2,3,6,34.0,1);
INSERT INTO "mesure_virale" VALUES(1197,170,2,3,6,105.0,1);
INSERT INTO "mesure_virale" VALUES(1198,171,2,3,6,0.0,0);
INSERT INTO "mesure_virale" VALUES(1199,172,2,3,6,429.0,1);
INSERT INTO "mesure_virale" VALUES(1200,173,2,3,6,935.0,1);
INSERT INTO "mesure_virale" VALUES(1201,174,2,3,6,269.0,1);
INSERT INTO "mesure_virale" VALUES(1202,175,2,3,6,0.0,0);
INSERT INTO "mesure_virale" VALUES(1203,176,2,3,6,0.0,0);
INSERT INTO "mesure_virale" VALUES(1204,177,2,3,6,0.0,0);
INSERT INTO "mesure_virale" VALUES(1205,178,2,3,6,0.0,0);
INSERT INTO "mesure_virale" VALUES(1206,179,2,3,6,58.0,1);
INSERT INTO "mesure_virale" VALUES(1207,180,2,3,6,45.6,1);
INSERT INTO "mesure_virale" VALUES(1208,181,2,3,6,0.0,0);
INSERT INTO "mesure_virale" VALUES(1209,182,2,3,6,51.8,1);
INSERT INTO "mesure_virale" VALUES(1210,183,2,3,6,0.0,0);
INSERT INTO "mesure_virale" VALUES(1211,184,2,3,6,184.0,1);
INSERT INTO "mesure_virale" VALUES(1212,185,2,3,6,228.0,1);
INSERT INTO "mesure_virale" VALUES(1213,186,2,3,6,0.0,0);
INSERT INTO "mesure_virale" VALUES(1214,187,2,3,6,976000.0,1);
INSERT INTO "mesure_virale" VALUES(1215,188,2,3,6,57.5,1);
INSERT INTO "mesure_virale" VALUES(1216,189,2,3,6,459.0,1);
INSERT INTO "mesure_virale" VALUES(1217,190,2,3,6,0.0,0);
INSERT INTO "mesure_virale" VALUES(1218,191,2,3,6,200.0,1);
INSERT INTO "mesure_virale" VALUES(1219,192,2,3,6,618.0,1);
INSERT INTO "mesure_virale" VALUES(1220,193,2,3,6,808.0,1);
INSERT INTO "mesure_virale" VALUES(1221,194,2,3,6,127.0,1);
INSERT INTO "mesure_virale" VALUES(1222,195,2,3,6,0.0,0);
INSERT INTO "mesure_virale" VALUES(1223,196,2,3,6,110.0,1);
INSERT INTO "mesure_virale" VALUES(1224,197,2,3,6,102.0,1);
INSERT INTO "mesure_virale" VALUES(1225,198,2,3,6,0.0,0);
INSERT INTO "mesure_virale" VALUES(1226,199,2,3,6,0.0,0);
INSERT INTO "mesure_virale" VALUES(1227,200,2,3,6,0.0,0);
INSERT INTO "mesure_virale" VALUES(1228,201,2,3,6,0.0,0);
INSERT INTO "mesure_virale" VALUES(1229,202,2,3,6,0.0,0);
INSERT INTO "mesure_virale" VALUES(1230,203,2,3,6,379.0,1);
INSERT INTO "mesure_virale" VALUES(1231,204,2,3,6,0.0,0);
INSERT INTO "mesure_virale" VALUES(1232,205,2,3,6,0.0,0);
INSERT INTO "mesure_virale" VALUES(1233,206,2,3,6,0.0,0);
INSERT INTO "mesure_virale" VALUES(1234,207,2,3,6,0.0,0);
INSERT INTO "mesure_virale" VALUES(1235,208,2,3,6,68800000.0,1);
INSERT INTO "mesure_virale" VALUES(1236,209,2,3,6,56000000.0,1);
INSERT INTO "mesure_virale" VALUES(1237,210,2,3,6,0.0,0);
INSERT INTO "mesure_virale" VALUES(1238,211,2,3,6,930000.0,1);
INSERT INTO "mesure_virale" VALUES(1239,212,2,3,6,178.0,1);
INSERT INTO "mesure_virale" VALUES(1240,213,2,3,6,0.0,0);
INSERT INTO "mesure_virale" VALUES(1241,214,2,3,6,305.0,1);
INSERT INTO "mesure_virale" VALUES(1242,215,2,3,6,0.0,0);
INSERT INTO "mesure_virale" VALUES(1243,216,2,3,6,55200.0,1);
INSERT INTO "mesure_virale" VALUES(1244,217,2,3,6,0.0,0);
INSERT INTO "mesure_virale" VALUES(1245,218,2,3,6,0.0,0);
INSERT INTO "mesure_virale" VALUES(1246,219,2,3,6,0.0,0);
INSERT INTO "mesure_virale" VALUES(1247,220,2,3,6,0.0,0);
INSERT INTO "mesure_virale" VALUES(1248,221,2,3,6,69.6,1);
INSERT INTO "mesure_virale" VALUES(1249,222,2,3,6,266.0,1);
CREATE TABLE serotype (
    id_serotype     INTEGER PRIMARY KEY,
    code            TEXT NOT NULL UNIQUE,  -- NC / BTV3 / BTV8
    libelle         TEXT NOT NULL,
    est_infectieux  INTEGER NOT NULL       -- 0 = non (NC), 1 = oui
);
INSERT INTO "serotype" VALUES(1,'NC','Contrôle négatif',0);
INSERT INTO "serotype" VALUES(2,'BTV3','Bluetongue sérotype 3',1);
INSERT INTO "serotype" VALUES(3,'BTV8','Bluetongue sérotype 8',1);
ANALYZE "sqlite_master";
INSERT INTO "sqlite_stat1" VALUES('veterinaire',NULL,'4');
INSERT INTO "sqlite_stat1" VALUES('image',NULL,'108');
INSERT INTO "sqlite_stat1" VALUES('mesure_virale','idx_mesure_sero_dpi','1249 417 209');
INSERT INTO "sqlite_stat1" VALUES('mesure_virale','idx_mesure_indiv','1249 4 3');
INSERT INTO "sqlite_stat1" VALUES('serotype','sqlite_autoindex_serotype_1','3 1');
INSERT INTO "sqlite_stat1" VALUES('essai',NULL,'2');
CREATE TABLE veterinaire (
    id_vet     INTEGER PRIMARY KEY,
    nom        TEXT NOT NULL,
    clinique   TEXT,
    type       TEXT,
    ville      TEXT,
    telephone  TEXT,                         -- numéros fictifs ARCEP (exemples)
    email      TEXT
);
INSERT INTO "veterinaire" VALUES(1,'Clinique Vétérinaire des Trois Vallées','Médecine des ruminants','Vétérinaire sanitaire','Clermont-Ferrand','04 65 71 18 22','troisvallees@exemple.fr');
INSERT INTO "veterinaire" VALUES(2,'Cabinet Vétérinaire du Bocage','Vétérinaire rural','Vétérinaire traitant','Rennes','02 61 91 34 56','bocage@exemple.fr');
INSERT INTO "veterinaire" VALUES(3,'Clinique Vétérinaire Saint-Roch','Élevage & filière ovine','Vétérinaire sanitaire','Toulouse','05 36 49 27 81','saintroch@exemple.fr');
INSERT INTO "veterinaire" VALUES(4,'Service de Garde Vétérinaire','Urgences élevage 24/7','Urgences','Lyon','04 65 71 00 15',NULL);
CREATE INDEX idx_mesure_indiv ON mesure_virale(id_individu, id_essai);
CREATE INDEX idx_mesure_sero_dpi ON mesure_virale(id_serotype, dpi);
COMMIT;
