-- =====================================================================
--  BASE FCO — fichier MySQL complet (schéma + données)
--  Import : phpMyAdmin -> onglet "Importer" -> choisir ce fichier.
-- =====================================================================
SET NAMES utf8mb4;
SET FOREIGN_KEY_CHECKS = 0;

CREATE DATABASE IF NOT EXISTS fco_db CHARACTER SET utf8mb4 COLLATE utf8mb4_unicode_ci;
USE fco_db;

DROP TABLE IF EXISTS mesure_virale;
DROP TABLE IF EXISTS image;
DROP TABLE IF EXISTS veterinaire;
DROP TABLE IF EXISTS serotype;
DROP TABLE IF EXISTS essai;

CREATE TABLE essai (
  id_essai INT PRIMARY KEY,
  libelle  VARCHAR(100) NOT NULL
) ENGINE=InnoDB;

CREATE TABLE serotype (
  id_serotype    INT PRIMARY KEY,
  code           VARCHAR(10) NOT NULL UNIQUE,
  libelle        VARCHAR(100) NOT NULL,
  est_infectieux TINYINT NOT NULL
) ENGINE=InnoDB;

CREATE TABLE mesure_virale (
  id_mesure     INT PRIMARY KEY,
  id_individu   INT NOT NULL,
  id_essai      INT NOT NULL,
  id_serotype   INT NOT NULL,
  dpi           INT NOT NULL,
  genome_copies DOUBLE NOT NULL,
  detectable    TINYINT NOT NULL,
  CONSTRAINT fk_mesure_essai    FOREIGN KEY (id_essai)    REFERENCES essai(id_essai),
  CONSTRAINT fk_mesure_serotype FOREIGN KEY (id_serotype) REFERENCES serotype(id_serotype)
) ENGINE=InnoDB;

CREATE TABLE image (
  id_image INT PRIMARY KEY,
  fichier  VARCHAR(255) NOT NULL,
  classe   VARCHAR(20) NOT NULL,
  severite VARCHAR(20),
  source   VARCHAR(20),
  split    VARCHAR(10)
) ENGINE=InnoDB;

CREATE TABLE veterinaire (
  id_vet    INT PRIMARY KEY,
  nom       VARCHAR(150) NOT NULL,
  clinique  VARCHAR(150),
  type      VARCHAR(60),
  ville     VARCHAR(80),
  telephone VARCHAR(30),
  email     VARCHAR(120)
) ENGINE=InnoDB;


-- 2 lignes dans essai
INSERT INTO essai (id_essai,libelle) VALUES
(1,'Essai 1'),
(2,'Essai 2');

-- 3 lignes dans serotype
INSERT INTO serotype (id_serotype,code,libelle,est_infectieux) VALUES
(1,'NC','Contrôle négatif',0),
(2,'BTV3','Bluetongue sérotype 3',1),
(3,'BTV8','Bluetongue sérotype 8',1);

-- 1249 lignes dans mesure_virale
INSERT INTO mesure_virale (id_mesure,id_individu,id_essai,id_serotype,dpi,genome_copies,detectable) VALUES
(1,1,1,1,0,0.0,0),
(2,2,1,1,0,0.0,0),
(3,3,1,1,0,0.0,0),
(4,4,1,1,0,0.0,0),
(5,5,1,1,0,0.0,0),
(6,6,1,1,0,0.0,0),
(7,7,1,1,0,0.0,0),
(8,8,1,1,0,0.0,0),
(9,9,1,1,0,0.0,0),
(10,10,1,1,0,0.0,0),
(11,11,1,1,0,0.0,0),
(12,12,1,1,0,0.0,0),
(13,13,1,1,0,0.0,0),
(14,14,1,1,0,0.0,0),
(15,15,1,1,0,0.0,0),
(16,16,1,1,0,0.0,0),
(17,1,1,2,0,19400.0,1),
(18,2,1,2,0,25100.0,1),
(19,3,1,2,0,28300.0,1),
(20,4,1,2,0,19000.0,1),
(21,5,1,2,0,59000.0,1),
(22,6,1,2,0,18200.0,1),
(23,7,1,2,0,17300.0,1),
(24,8,1,2,0,44000.0,1),
(25,9,1,2,0,29400.0,1),
(26,10,1,2,0,26700.0,1),
(27,11,1,2,0,38200.0,1),
(28,12,1,2,0,39700.0,1),
(29,13,1,2,0,44000.0,1),
(30,14,1,2,0,15500.0,1),
(31,15,1,2,0,22200.0,1),
(32,16,1,2,0,28900.0,1),
(33,1,1,3,0,132000.0,1),
(34,2,1,3,0,199000.0,1),
(35,3,1,3,0,104000.0,1),
(36,4,1,3,0,182000.0,1),
(37,5,1,3,0,118000.0,1),
(38,6,1,3,0,46300.0,1),
(39,7,1,3,0,205000.0,1),
(40,8,1,3,0,169000.0,1),
(41,9,1,3,0,182000.0,1),
(42,10,1,3,0,313000.0,1),
(43,11,1,3,0,107000.0,1),
(44,12,1,3,0,233000.0,1),
(45,13,1,3,0,145000.0,1),
(46,14,1,3,0,130000.0,1),
(47,15,1,3,0,126000.0,1),
(48,16,1,3,0,120000.0,1),
(49,1,1,1,6,0.0,0),
(50,2,1,1,6,0.0,0),
(51,3,1,1,6,0.0,0),
(52,4,1,1,6,0.0,0),
(53,5,1,1,6,0.0,0),
(54,6,1,1,6,0.0,0),
(55,7,1,1,6,0.0,0),
(56,8,1,1,6,0.0,0),
(57,9,1,1,6,0.0,0),
(58,10,1,1,6,0.0,0),
(59,11,1,1,6,0.0,0),
(60,12,1,1,6,0.0,0),
(61,13,1,1,6,0.0,0),
(62,14,1,1,6,0.0,0),
(63,15,1,1,6,0.0,0),
(64,16,1,1,6,0.0,0),
(65,1,1,2,6,0.0,0),
(66,2,1,2,6,0.0,0),
(67,3,1,2,6,0.0,0),
(68,4,1,2,6,63.6,1),
(69,5,1,2,6,194.0,1),
(70,6,1,2,6,0.0,0),
(71,7,1,2,6,84.3,1),
(72,8,1,2,6,0.0,0),
(73,9,1,2,6,0.0,0),
(74,10,1,2,6,0.0,0),
(75,11,1,2,6,0.0,0),
(76,12,1,2,6,219000000.0,1),
(77,13,1,2,6,0.0,0),
(78,14,1,2,6,0.0,0),
(79,15,1,2,6,0.0,0),
(80,16,1,2,6,0.0,0),
(81,17,1,2,6,0.0,0),
(82,18,1,2,6,85600000.0,1),
(83,19,1,2,6,0.0,0),
(84,20,1,2,6,0.0,0),
(85,21,1,2,6,94.7,1),
(86,22,1,2,6,0.0,0),
(87,23,1,2,6,0.0,0),
(88,24,1,2,6,258.0,1),
(89,25,1,2,6,0.0,0),
(90,26,1,2,6,135000000.0,1),
(91,27,1,2,6,0.0,0),
(92,28,1,2,6,0.0,0),
(93,29,1,2,6,0.0,0),
(94,30,1,2,6,237.0,1),
(95,31,1,2,6,250.0,1),
(96,32,1,2,6,0.0,0),
(97,33,1,2,6,0.0,0),
(98,34,1,2,6,0.0,0),
(99,35,1,2,6,95.4,1),
(100,36,1,2,6,0.0,0),
(101,37,1,2,6,3190.0,1),
(102,38,1,2,6,0.0,0),
(103,39,1,2,6,0.0,0),
(104,40,1,2,6,120.0,1),
(105,41,1,2,6,0.0,0),
(106,42,1,2,6,0.0,0),
(107,43,1,2,6,24100.0,1),
(108,44,1,2,6,1500.0,1),
(109,45,1,2,6,130.0,1),
(110,46,1,2,6,0.0,0),
(111,47,1,2,6,0.0,0),
(112,48,1,2,6,0.0,0),
(113,49,1,2,6,0.0,0),
(114,50,1,2,6,0.0,0),
(115,51,1,2,6,0.0,0),
(116,52,1,2,6,0.0,0),
(117,53,1,2,6,0.0,0),
(118,54,1,2,6,0.0,0),
(119,55,1,2,6,0.0,0),
(120,56,1,2,6,85.5,1),
(121,57,1,2,6,0.0,0),
(122,58,1,2,6,0.0,0),
(123,59,1,2,6,0.0,0),
(124,60,1,2,6,280.0,1),
(125,61,1,2,6,0.0,0),
(126,62,1,2,6,0.0,0),
(127,63,1,2,6,0.0,0),
(128,64,1,2,6,0.0,0),
(129,65,1,2,6,115.0,1),
(130,66,1,2,6,0.0,0),
(131,67,1,2,6,0.0,0),
(132,68,1,2,6,136.0,1),
(133,69,1,2,6,0.0,0),
(134,70,1,2,6,0.0,0),
(135,71,1,2,6,0.0,0),
(136,72,1,2,6,0.0,0),
(137,73,1,2,6,0.0,0),
(138,74,1,2,6,0.0,0),
(139,75,1,2,6,0.0,0),
(140,76,1,2,6,0.0,0),
(141,77,1,2,6,0.0,0),
(142,78,1,2,6,0.0,0),
(143,79,1,2,6,48.9,1),
(144,80,1,2,6,0.0,0),
(145,81,1,2,6,337000000.0,1),
(146,82,1,2,6,0.0,0),
(147,83,1,2,6,74.2,1),
(148,84,1,2,6,0.0,0),
(149,85,1,2,6,0.0,0),
(150,86,1,2,6,0.0,0),
(151,87,1,2,6,0.0,0),
(152,88,1,2,6,0.0,0),
(153,89,1,2,6,0.0,0),
(154,90,1,2,6,0.0,0),
(155,91,1,2,6,0.0,0),
(156,92,1,2,6,0.0,0),
(157,93,1,2,6,0.0,0),
(158,94,1,2,6,370000000.0,1),
(159,95,1,2,6,0.0,0),
(160,96,1,2,6,0.0,0),
(161,97,1,2,6,0.0,0),
(162,98,1,2,6,0.0,0),
(163,99,1,2,6,0.0,0),
(164,100,1,2,6,21100000.0,1),
(165,101,1,2,6,110000000.0,1),
(166,102,1,2,6,0.0,0),
(167,103,1,2,6,0.0,0),
(168,104,1,2,6,736.0,1),
(169,105,1,2,6,47000000.0,1),
(170,106,1,2,6,50.5,1),
(171,107,1,2,6,0.0,0),
(172,108,1,2,6,0.0,0),
(173,109,1,2,6,0.0,0),
(174,110,1,2,6,0.0,0),
(175,111,1,2,6,0.0,0),
(176,112,1,2,6,0.0,0),
(177,113,1,2,6,52.7,1),
(178,114,1,2,6,0.0,0),
(179,115,1,2,6,0.0,0),
(180,116,1,2,6,0.0,0),
(181,117,1,2,6,351000000.0,1),
(182,118,1,2,6,272000000.0,1),
(183,119,1,2,6,0.0,0),
(184,120,1,2,6,61.4,1),
(185,121,1,2,6,510.0,1),
(186,122,1,2,6,119.0,1),
(187,123,1,2,6,0.0,0),
(188,124,1,2,6,0.0,0),
(189,125,1,2,6,0.0,0),
(190,126,1,2,6,329.0,1),
(191,127,1,2,6,0.0,0),
(192,128,1,2,6,0.0,0),
(193,129,1,2,6,0.0,0),
(194,130,1,2,6,132.0,1),
(195,131,1,2,6,665.0,1),
(196,132,1,2,6,0.0,0),
(197,133,1,2,6,0.0,0),
(198,134,1,2,6,0.0,0),
(199,135,1,2,6,68.5,1),
(200,136,1,2,6,0.0,0);
INSERT INTO mesure_virale (id_mesure,id_individu,id_essai,id_serotype,dpi,genome_copies,detectable) VALUES
(201,137,1,2,6,71.2,1),
(202,138,1,2,6,327000000.0,1),
(203,139,1,2,6,66.6,1),
(204,140,1,2,6,0.0,0),
(205,141,1,2,6,62.4,1),
(206,142,1,2,6,0.0,0),
(207,143,1,2,6,0.0,0),
(208,144,1,2,6,73.5,1),
(209,145,1,2,6,0.0,0),
(210,146,1,2,6,336000000.0,1),
(211,147,1,2,6,49.6,1),
(212,148,1,2,6,0.0,0),
(213,149,1,2,6,112.0,1),
(214,150,1,2,6,39800.0,1),
(215,151,1,2,6,250000000.0,1),
(216,152,1,2,6,0.0,0),
(217,153,1,2,6,96.6,1),
(218,154,1,2,6,0.0,0),
(219,155,1,2,6,0.0,0),
(220,156,1,2,6,56600000.0,1),
(221,157,1,2,6,0.0,0),
(222,158,1,2,6,0.0,0),
(223,159,1,2,6,62.8,1),
(224,160,1,2,6,0.0,0),
(225,161,1,2,6,0.0,0),
(226,162,1,2,6,0.0,0),
(227,163,1,2,6,0.0,0),
(228,164,1,2,6,0.0,0),
(229,165,1,2,6,112.0,1),
(230,166,1,2,6,0.0,0),
(231,167,1,2,6,0.0,0),
(232,168,1,2,6,38.0,1),
(233,169,1,2,6,0.0,0),
(234,170,1,2,6,0.0,0),
(235,171,1,2,6,0.0,0),
(236,172,1,2,6,207.0,1),
(237,173,1,2,6,0.0,0),
(238,174,1,2,6,0.0,0),
(239,175,1,2,6,390.0,1),
(240,176,1,2,6,0.0,0),
(241,177,1,2,6,0.0,0),
(242,178,1,2,6,0.0,0),
(243,179,1,2,6,0.0,0),
(244,180,1,2,6,0.0,0),
(245,181,1,2,6,106.0,1),
(246,182,1,2,6,0.0,0),
(247,183,1,2,6,496.0,1),
(248,184,1,2,6,0.0,0),
(249,185,1,2,6,0.0,0),
(250,186,1,2,6,0.0,0),
(251,187,1,2,6,0.0,0),
(252,188,1,2,6,0.0,0),
(253,189,1,2,6,154000000.0,1),
(254,190,1,2,6,42700000.0,1),
(255,191,1,2,6,0.0,0),
(256,192,1,2,6,0.0,0),
(257,193,1,2,6,0.0,0),
(258,194,1,2,6,0.0,0),
(259,195,1,2,6,350.0,1),
(260,196,1,2,6,0.0,0),
(261,197,1,2,6,0.0,0),
(262,198,1,2,6,0.0,0),
(263,199,1,2,6,237.0,1),
(264,200,1,2,6,0.0,0),
(265,201,1,2,6,154.0,1),
(266,202,1,2,6,0.0,0),
(267,203,1,2,6,0.0,0),
(268,204,1,2,6,0.0,0),
(269,205,1,2,6,0.0,0),
(270,206,1,2,6,43.1,1),
(271,207,1,2,6,0.0,0),
(272,208,1,2,6,0.0,0),
(273,209,1,2,6,0.0,0),
(274,210,1,2,6,0.0,0),
(275,211,1,2,6,0.0,0),
(276,212,1,2,6,268.0,1),
(277,213,1,2,6,0.0,0),
(278,214,1,2,6,0.0,0),
(279,215,1,2,6,228.0,1),
(280,216,1,2,6,76.7,1),
(281,217,1,2,6,0.0,0),
(282,218,1,2,6,0.0,0),
(283,219,1,2,6,0.0,0),
(284,220,1,2,6,0.0,0),
(285,221,1,2,6,0.0,0),
(286,222,1,2,6,0.0,0),
(287,223,1,2,6,0.0,0),
(288,224,1,2,6,0.0,0),
(289,225,1,2,6,0.0,0),
(290,226,1,2,6,134.0,1),
(291,227,1,2,6,98.1,1),
(292,228,1,2,6,0.0,0),
(293,229,1,2,6,0.0,0),
(294,230,1,2,6,0.0,0),
(295,231,1,2,6,0.0,0),
(296,232,1,2,6,0.0,0),
(297,233,1,2,6,0.0,0),
(298,234,1,2,6,0.0,0),
(299,235,1,2,6,0.0,0),
(300,236,1,2,6,0.0,0),
(301,237,1,2,6,58.1,1),
(302,238,1,2,6,0.0,0),
(303,239,1,2,6,3920.0,1),
(304,240,1,2,6,0.0,0),
(305,241,1,2,6,0.0,0),
(306,242,1,2,6,0.0,0),
(307,243,1,2,6,49.3,1),
(308,244,1,2,6,0.0,0),
(309,245,1,2,6,0.0,0),
(310,246,1,2,6,0.0,0),
(311,247,1,2,6,142.0,1),
(312,248,1,2,6,0.0,0),
(313,249,1,2,6,0.0,0),
(314,250,1,2,6,0.0,0),
(315,251,1,2,6,0.0,0),
(316,252,1,2,6,0.0,0),
(317,253,1,2,6,0.0,0),
(318,254,1,2,6,0.0,0),
(319,255,1,2,6,0.0,0),
(320,256,1,2,6,0.0,0),
(321,257,1,2,6,0.0,0),
(322,258,1,2,6,0.0,0),
(323,259,1,2,6,0.0,0),
(324,260,1,2,6,0.0,0),
(325,261,1,2,6,146.0,1),
(326,262,1,2,6,0.0,0),
(327,263,1,2,6,0.0,0),
(328,264,1,2,6,170.0,1),
(329,265,1,2,6,0.0,0),
(330,266,1,2,6,0.0,0),
(331,267,1,2,6,0.0,0),
(332,268,1,2,6,1600.0,1),
(333,269,1,2,6,0.0,0),
(334,270,1,2,6,0.0,0),
(335,271,1,2,6,0.0,0),
(336,272,1,2,6,0.0,0),
(337,273,1,2,6,166.0,1),
(338,274,1,2,6,0.0,0),
(339,275,1,2,6,0.0,0),
(340,276,1,2,6,0.0,0),
(341,277,1,2,6,0.0,0),
(342,278,1,2,6,0.0,0),
(343,279,1,2,6,0.0,0),
(344,280,1,2,6,67.2,1),
(345,281,1,2,6,247.0,1),
(346,282,1,2,6,0.0,0),
(347,283,1,2,6,0.0,0),
(348,284,1,2,6,0.0,0),
(349,285,1,2,6,0.0,0),
(350,286,1,2,6,0.0,0),
(351,287,1,2,6,0.0,0),
(352,288,1,2,6,0.0,0),
(353,289,1,2,6,0.0,0),
(354,290,1,2,6,0.0,0),
(355,291,1,2,6,1210.0,1),
(356,292,1,2,6,0.0,0),
(357,293,1,2,6,0.0,0),
(358,294,1,2,6,0.0,0),
(359,295,1,2,6,53.7,1),
(360,296,1,2,6,0.0,0),
(361,297,1,2,6,396000000.0,1),
(362,298,1,2,6,32.5,1),
(363,299,1,2,6,0.0,0),
(364,300,1,2,6,59.6,1),
(365,301,1,2,6,0.0,0),
(366,302,1,2,6,0.0,0),
(367,303,1,2,6,0.0,0),
(368,304,1,2,6,60.8,1),
(369,305,1,2,6,89.2,1),
(370,306,1,2,6,885.0,1),
(371,307,1,2,6,0.0,0),
(372,308,1,2,6,0.0,0),
(373,309,1,2,6,0.0,0),
(374,310,1,2,6,0.0,0),
(375,311,1,2,6,0.0,0),
(376,312,1,2,6,0.0,0),
(377,313,1,2,6,65.6,1),
(378,314,1,2,6,0.0,0),
(379,315,1,2,6,0.0,0),
(380,316,1,2,6,0.0,0),
(381,317,1,2,6,0.0,0),
(382,318,1,2,6,0.0,0),
(383,319,1,2,6,68.6,1),
(384,1,1,3,6,0.0,0),
(385,2,1,3,6,276.0,1),
(386,3,1,3,6,0.0,0),
(387,4,1,3,6,55.5,1),
(388,5,1,3,6,57.6,1),
(389,6,1,3,6,0.0,0),
(390,7,1,3,6,0.0,0),
(391,8,1,3,6,174.0,1),
(392,9,1,3,6,0.0,0),
(393,10,1,3,6,20600000.0,1),
(394,11,1,3,6,0.0,0),
(395,12,1,3,6,0.0,0),
(396,13,1,3,6,0.0,0),
(397,14,1,3,6,63.7,1),
(398,15,1,3,6,59.7,1),
(399,16,1,3,6,0.0,0),
(400,17,1,3,6,0.0,0);
INSERT INTO mesure_virale (id_mesure,id_individu,id_essai,id_serotype,dpi,genome_copies,detectable) VALUES
(401,18,1,3,6,50.5,1),
(402,19,1,3,6,328.0,1),
(403,20,1,3,6,7790000.0,1),
(404,21,1,3,6,0.0,0),
(405,22,1,3,6,0.0,0),
(406,23,1,3,6,0.0,0),
(407,24,1,3,6,267.0,1),
(408,25,1,3,6,4650.0,1),
(409,26,1,3,6,0.0,0),
(410,27,1,3,6,569.0,1),
(411,28,1,3,6,754.0,1),
(412,29,1,3,6,0.0,0),
(413,30,1,3,6,181.0,1),
(414,31,1,3,6,0.0,0),
(415,32,1,3,6,60.9,1),
(416,33,1,3,6,81.9,1),
(417,34,1,3,6,625.0,1),
(418,35,1,3,6,45.1,1),
(419,36,1,3,6,129.0,1),
(420,37,1,3,6,62.8,1),
(421,38,1,3,6,131.0,1),
(422,39,1,3,6,0.0,0),
(423,40,1,3,6,456.0,1),
(424,41,1,3,6,206.0,1),
(425,42,1,3,6,0.0,0),
(426,43,1,3,6,171.0,1),
(427,44,1,3,6,71.0,1),
(428,45,1,3,6,0.0,0),
(429,46,1,3,6,195.0,1),
(430,47,1,3,6,0.0,0),
(431,48,1,3,6,0.0,0),
(432,49,1,3,6,0.0,0),
(433,50,1,3,6,353.0,1),
(434,51,1,3,6,212.0,1),
(435,52,1,3,6,135.0,1),
(436,53,1,3,6,1600.0,1),
(437,54,1,3,6,0.0,0),
(438,55,1,3,6,288.0,1),
(439,56,1,3,6,0.0,0),
(440,57,1,3,6,110.0,1),
(441,58,1,3,6,244.0,1),
(442,59,1,3,6,283.0,1),
(443,60,1,3,6,0.0,0),
(444,61,1,3,6,0.0,0),
(445,62,1,3,6,0.0,0),
(446,63,1,3,6,263.0,1),
(447,64,1,3,6,376.0,1),
(448,65,1,3,6,0.0,0),
(449,66,1,3,6,866.0,1),
(450,67,1,3,6,0.0,0),
(451,68,1,3,6,0.0,0),
(452,69,1,3,6,0.0,0),
(453,70,1,3,6,187.0,1),
(454,71,1,3,6,96.1,1),
(455,72,1,3,6,240.0,1),
(456,73,1,3,6,113000.0,1),
(457,74,1,3,6,0.0,0),
(458,75,1,3,6,14400.0,1),
(459,76,1,3,6,0.0,0),
(460,77,1,3,6,258.0,1),
(461,78,1,3,6,198.0,1),
(462,79,1,3,6,184.0,1),
(463,80,1,3,6,205.0,1),
(464,81,1,3,6,0.0,0),
(465,82,1,3,6,365.0,1),
(466,83,1,3,6,75.7,1),
(467,84,1,3,6,186.0,1),
(468,85,1,3,6,0.0,0),
(469,86,1,3,6,1120.0,1),
(470,87,1,3,6,1140.0,1),
(471,88,1,3,6,115.0,1),
(472,89,1,3,6,113.0,1),
(473,90,1,3,6,0.0,0),
(474,91,1,3,6,353.0,1),
(475,92,1,3,6,0.0,0),
(476,93,1,3,6,332.0,1),
(477,94,1,3,6,183.0,1),
(478,95,1,3,6,282.0,1),
(479,96,1,3,6,0.0,0),
(480,97,1,3,6,23800.0,1),
(481,98,1,3,6,134000.0,1),
(482,99,1,3,6,239000.0,1),
(483,100,1,3,6,2340.0,1),
(484,101,1,3,6,179.0,1),
(485,102,1,3,6,2260.0,1),
(486,103,1,3,6,205.0,1),
(487,104,1,3,6,100.0,1),
(488,105,1,3,6,458.0,1),
(489,106,1,3,6,15800000.0,1),
(490,107,1,3,6,1000.0,1),
(491,108,1,3,6,199.0,1),
(492,109,1,3,6,974.0,1),
(493,110,1,3,6,95.7,1),
(494,111,1,3,6,0.0,0),
(495,112,1,3,6,1580000.0,1),
(496,113,1,3,6,100.0,1),
(497,114,1,3,6,39.3,1),
(498,115,1,3,6,279.0,1),
(499,116,1,3,6,36.6,1),
(500,117,1,3,6,696.0,1),
(501,118,1,3,6,0.0,0),
(502,119,1,3,6,156000.0,1),
(503,120,1,3,6,99.2,1),
(504,121,1,3,6,261.0,1),
(505,122,1,3,6,0.0,0),
(506,123,1,3,6,3320.0,1),
(507,124,1,3,6,36.8,1),
(508,125,1,3,6,61200000.0,1),
(509,126,1,3,6,129.0,1),
(510,127,1,3,6,162.0,1),
(511,128,1,3,6,38000.0,1),
(512,129,1,3,6,28.4,1),
(513,130,1,3,6,86.6,1),
(514,131,1,3,6,38.1,1),
(515,132,1,3,6,267.0,1),
(516,133,1,3,6,606.0,1),
(517,134,1,3,6,566.0,1),
(518,135,1,3,6,2640.0,1),
(519,136,1,3,6,95.2,1),
(520,137,1,3,6,578.0,1),
(521,138,1,3,6,79.6,1),
(522,139,1,3,6,65.0,1),
(523,140,1,3,6,271.0,1),
(524,141,1,3,6,0.0,0),
(525,142,1,3,6,0.0,0),
(526,143,1,3,6,194.0,1),
(527,144,1,3,6,0.0,0),
(528,145,1,3,6,64.9,1),
(529,146,1,3,6,106.0,1),
(530,147,1,3,6,16300000.0,1),
(531,148,1,3,6,0.0,0),
(532,149,1,3,6,248.0,1),
(533,150,1,3,6,121.0,1),
(534,151,1,3,6,12000.0,1),
(535,152,1,3,6,31.5,1),
(536,153,1,3,6,142.0,1),
(537,154,1,3,6,177.0,1),
(538,155,1,3,6,4540.0,1),
(539,156,1,3,6,42.8,1),
(540,157,1,3,6,244.0,1),
(541,158,1,3,6,44.1,1),
(542,159,1,3,6,495.0,1),
(543,160,1,3,6,0.0,0),
(544,161,1,3,6,647.0,1),
(545,162,1,3,6,448.0,1),
(546,163,1,3,6,0.0,0),
(547,164,1,3,6,2310.0,1),
(548,165,1,3,6,46.5,1),
(549,166,1,3,6,1230.0,1),
(550,167,1,3,6,485.0,1),
(551,168,1,3,6,1040000.0,1),
(552,169,1,3,6,0.0,0),
(553,170,1,3,6,0.0,0),
(554,171,1,3,6,134.0,1),
(555,172,1,3,6,0.0,0),
(556,173,1,3,6,216.0,1),
(557,174,1,3,6,974.0,1),
(558,175,1,3,6,0.0,0),
(559,176,1,3,6,45.1,1),
(560,177,1,3,6,0.0,0),
(561,178,1,3,6,89.4,1),
(562,179,1,3,6,0.0,0),
(563,180,1,3,6,50.3,1),
(564,181,1,3,6,0.0,0),
(565,182,1,3,6,0.0,0),
(566,183,1,3,6,141.0,1),
(567,184,1,3,6,0.0,0),
(568,185,1,3,6,0.0,0),
(569,186,1,3,6,0.0,0),
(570,187,1,3,6,4360.0,1),
(571,188,1,3,6,0.0,0),
(572,189,1,3,6,0.0,0),
(573,190,1,3,6,0.0,0),
(574,191,1,3,6,46.6,1),
(575,192,1,3,6,0.0,0),
(576,193,1,3,6,45.4,1),
(577,194,1,3,6,0.0,0),
(578,195,1,3,6,152.0,1),
(579,196,1,3,6,0.0,0),
(580,197,1,3,6,65000000.0,1),
(581,198,1,3,6,89.8,1),
(582,199,1,3,6,0.0,0),
(583,200,1,3,6,0.0,0),
(584,201,1,3,6,0.0,0),
(585,202,1,3,6,0.0,0),
(586,203,1,3,6,0.0,0),
(587,204,1,3,6,0.0,0),
(588,205,1,3,6,0.0,0),
(589,206,1,3,6,934.0,1),
(590,207,1,3,6,0.0,0),
(591,208,1,3,6,52.6,1),
(592,209,1,3,6,0.0,0),
(593,210,1,3,6,56.6,1),
(594,211,1,3,6,106.0,1),
(595,212,1,3,6,0.0,0),
(596,213,1,3,6,30100000.0,1),
(597,214,1,3,6,0.0,0),
(598,215,1,3,6,50.8,1),
(599,216,1,3,6,0.0,0),
(600,217,1,3,6,229.0,1);
INSERT INTO mesure_virale (id_mesure,id_individu,id_essai,id_serotype,dpi,genome_copies,detectable) VALUES
(601,218,1,3,6,562.0,1),
(602,219,1,3,6,0.0,0),
(603,220,1,3,6,45.7,1),
(604,221,1,3,6,52.5,1),
(605,222,1,3,6,193.0,1),
(606,223,1,3,6,5500.0,1),
(607,224,1,3,6,228.0,1),
(608,225,1,3,6,0.0,0),
(609,226,1,3,6,0.0,0),
(610,227,1,3,6,0.0,0),
(611,228,1,3,6,0.0,0),
(612,229,1,3,6,6380.0,1),
(613,230,1,3,6,285.0,1),
(614,231,1,3,6,242.0,1),
(615,232,1,3,6,157.0,1),
(616,233,1,3,6,0.0,0),
(617,234,1,3,6,0.0,0),
(618,235,1,3,6,0.0,0),
(619,236,1,3,6,64.0,1),
(620,237,1,3,6,349.0,1),
(621,238,1,3,6,58.3,1),
(622,239,1,3,6,0.0,0),
(623,240,1,3,6,0.0,0),
(624,241,1,3,6,0.0,0),
(625,242,1,3,6,65.4,1),
(626,243,1,3,6,0.0,0),
(627,244,1,3,6,1440.0,1),
(628,245,1,3,6,130.0,1),
(629,246,1,3,6,201.0,1),
(630,247,1,3,6,129.0,1),
(631,248,1,3,6,59.5,1),
(632,249,1,3,6,56.8,1),
(633,250,1,3,6,58.8,1),
(634,251,1,3,6,0.0,0),
(635,252,1,3,6,138.0,1),
(636,253,1,3,6,0.0,0),
(637,254,1,3,6,489.0,1),
(638,255,1,3,6,0.0,0),
(639,256,1,3,6,50.2,1),
(640,257,1,3,6,57.0,1),
(641,258,1,3,6,0.0,0),
(642,259,1,3,6,0.0,0),
(643,260,1,3,6,0.0,0),
(644,261,1,3,6,0.0,0),
(645,262,1,3,6,65800.0,1),
(646,263,1,3,6,54.2,1),
(647,264,1,3,6,0.0,0),
(648,265,1,3,6,0.0,0),
(649,266,1,3,6,138.0,1),
(650,267,1,3,6,0.0,0),
(651,268,1,3,6,243.0,1),
(652,269,1,3,6,0.0,0),
(653,270,1,3,6,0.0,0),
(654,271,1,3,6,131.0,1),
(655,272,1,3,6,147.0,1),
(656,273,1,3,6,0.0,0),
(657,274,1,3,6,0.0,0),
(658,275,1,3,6,0.0,0),
(659,276,1,3,6,34700000.0,1),
(660,277,1,3,6,0.0,0),
(661,278,1,3,6,1170.0,1),
(662,279,1,3,6,0.0,0),
(663,280,1,3,6,73.2,1),
(664,281,1,3,6,83.1,1),
(665,282,1,3,6,84.0,1),
(666,283,1,3,6,13400000.0,1),
(667,284,1,3,6,0.0,0),
(668,285,1,3,6,0.0,0),
(669,286,1,3,6,0.0,0),
(670,287,1,3,6,0.0,0),
(671,288,1,3,6,0.0,0),
(672,289,1,3,6,0.0,0),
(673,290,1,3,6,99.2,1),
(674,291,1,3,6,5740.0,1),
(675,292,1,3,6,386.0,1),
(676,293,1,3,6,0.0,0),
(677,294,1,3,6,37.7,1),
(678,295,1,3,6,148.0,1),
(679,296,1,3,6,0.0,0),
(680,297,1,3,6,0.0,0),
(681,298,1,3,6,0.0,0),
(682,299,1,3,6,0.0,0),
(683,300,1,3,6,75.8,1),
(684,301,1,3,6,158.0,1),
(685,302,1,3,6,0.0,0),
(686,303,1,3,6,0.0,0),
(687,304,1,3,6,0.0,0),
(688,305,1,3,6,135.0,1),
(689,306,1,3,6,0.0,0),
(690,307,1,3,6,0.0,0),
(691,308,1,3,6,0.0,0),
(692,309,1,3,6,0.0,0),
(693,310,1,3,6,71.9,1),
(694,311,1,3,6,161.0,1),
(695,312,1,3,6,0.0,0),
(696,313,1,3,6,0.0,0),
(697,314,1,3,6,0.0,0),
(698,315,1,3,6,0.0,0),
(699,316,1,3,6,0.0,0),
(700,317,1,3,6,0.0,0),
(701,318,1,3,6,0.0,0),
(702,319,1,3,6,113.0,1),
(703,320,1,3,6,41.5,1),
(704,321,1,3,6,0.0,0),
(705,322,1,3,6,0.0,0),
(706,323,1,3,6,0.0,0),
(707,324,1,3,6,70900000.0,1),
(708,325,1,3,6,315.0,1),
(709,326,1,3,6,370.0,1),
(710,327,1,3,6,201.0,1),
(711,328,1,3,6,410.0,1),
(712,329,1,3,6,224.0,1),
(713,330,1,3,6,129.0,1),
(714,1,2,1,0,0.0,0),
(715,2,2,1,0,0.0,0),
(716,3,2,1,0,0.0,0),
(717,4,2,1,0,0.0,0),
(718,5,2,1,0,0.0,0),
(719,6,2,1,0,0.0,0),
(720,7,2,1,0,0.0,0),
(721,8,2,1,0,0.0,0),
(722,9,2,1,0,0.0,0),
(723,10,2,1,0,0.0,0),
(724,11,2,1,0,0.0,0),
(725,12,2,1,0,0.0,0),
(726,13,2,1,0,0.0,0),
(727,14,2,1,0,0.0,0),
(728,15,2,1,0,0.0,0),
(729,16,2,1,0,0.0,0),
(730,1,2,2,0,46000.0,1),
(731,2,2,2,0,53400.0,1),
(732,3,2,2,0,38900.0,1),
(733,4,2,2,0,85800.0,1),
(734,5,2,2,0,72900.0,1),
(735,6,2,2,0,127000.0,1),
(736,7,2,2,0,78600.0,1),
(737,8,2,2,0,50000.0,1),
(738,9,2,2,0,114000.0,1),
(739,10,2,2,0,70900.0,1),
(740,11,2,2,0,159000.0,1),
(741,12,2,2,0,71800.0,1),
(742,13,2,2,0,70100.0,1),
(743,14,2,2,0,68000.0,1),
(744,15,2,2,0,38000.0,1),
(745,16,2,2,0,64000.0,1),
(746,1,2,3,0,98200.0,1),
(747,2,2,3,0,149000.0,1),
(748,3,2,3,0,261000.0,1),
(749,4,2,3,0,183000.0,1),
(750,5,2,3,0,133000.0,1),
(751,6,2,3,0,160000.0,1),
(752,7,2,3,0,140000.0,1),
(753,8,2,3,0,112000.0,1),
(754,9,2,3,0,367000.0,1),
(755,10,2,3,0,173000.0,1),
(756,11,2,3,0,64700.0,1),
(757,12,2,3,0,107000.0,1),
(758,13,2,3,0,78200.0,1),
(759,14,2,3,0,141000.0,1),
(760,15,2,3,0,170000.0,1),
(761,16,2,3,0,341000.0,1),
(762,1,2,1,6,0.0,0),
(763,2,2,1,6,0.0,0),
(764,3,2,1,6,0.0,0),
(765,4,2,1,6,0.0,0),
(766,5,2,1,6,0.0,0),
(767,6,2,1,6,0.0,0),
(768,7,2,1,6,0.0,0),
(769,8,2,1,6,0.0,0),
(770,9,2,1,6,0.0,0),
(771,10,2,1,6,0.0,0),
(772,11,2,1,6,0.0,0),
(773,12,2,1,6,0.0,0),
(774,13,2,1,6,0.0,0),
(775,14,2,1,6,0.0,0),
(776,15,2,1,6,0.0,0),
(777,16,2,1,6,0.0,0),
(778,1,2,2,6,0.0,0),
(779,2,2,2,6,57.9,1),
(780,3,2,2,6,0.0,0),
(781,4,2,2,6,71.8,1),
(782,5,2,2,6,251.0,1),
(783,6,2,2,6,0.0,0),
(784,7,2,2,6,0.0,0),
(785,8,2,2,6,141.0,1),
(786,9,2,2,6,9710.0,1),
(787,10,2,2,6,0.0,0),
(788,11,2,2,6,0.0,0),
(789,12,2,2,6,68.4,1),
(790,13,2,2,6,0.0,0),
(791,14,2,2,6,5560.0,1),
(792,15,2,2,6,254.0,1),
(793,16,2,2,6,155.0,1),
(794,17,2,2,6,0.0,0),
(795,18,2,2,6,71.3,1),
(796,19,2,2,6,136.0,1),
(797,20,2,2,6,24300.0,1),
(798,21,2,2,6,278.0,1),
(799,22,2,2,6,247.0,1),
(800,23,2,2,6,179.0,1);
INSERT INTO mesure_virale (id_mesure,id_individu,id_essai,id_serotype,dpi,genome_copies,detectable) VALUES
(801,24,2,2,6,0.0,0),
(802,25,2,2,6,127.0,1),
(803,26,2,2,6,69.0,1),
(804,27,2,2,6,114.0,1),
(805,28,2,2,6,223.0,1),
(806,29,2,2,6,0.0,0),
(807,30,2,2,6,118.0,1),
(808,31,2,2,6,0.0,0),
(809,32,2,2,6,109.0,1),
(810,33,2,2,6,135.0,1),
(811,34,2,2,6,0.0,0),
(812,35,2,2,6,0.0,0),
(813,36,2,2,6,0.0,0),
(814,37,2,2,6,20200.0,1),
(815,38,2,2,6,0.0,0),
(816,39,2,2,6,0.0,0),
(817,40,2,2,6,0.0,0),
(818,41,2,2,6,252000.0,1),
(819,42,2,2,6,73.9,1),
(820,43,2,2,6,0.0,0),
(821,44,2,2,6,68.1,1),
(822,45,2,2,6,68.7,1),
(823,46,2,2,6,0.0,0),
(824,47,2,2,6,58.5,1),
(825,48,2,2,6,2150.0,1),
(826,49,2,2,6,75.2,1),
(827,50,2,2,6,128.0,1),
(828,51,2,2,6,26100.0,1),
(829,52,2,2,6,272.0,1),
(830,53,2,2,6,136.0,1),
(831,54,2,2,6,270.0,1),
(832,55,2,2,6,0.0,0),
(833,56,2,2,6,0.0,0),
(834,57,2,2,6,370.0,1),
(835,58,2,2,6,0.0,0),
(836,59,2,2,6,150.0,1),
(837,60,2,2,6,51700.0,1),
(838,61,2,2,6,13000000.0,1),
(839,62,2,2,6,0.0,0),
(840,63,2,2,6,0.0,0),
(841,64,2,2,6,0.0,0),
(842,65,2,2,6,0.0,0),
(843,66,2,2,6,0.0,0),
(844,67,2,2,6,0.0,0),
(845,68,2,2,6,363.0,1),
(846,69,2,2,6,0.0,0),
(847,70,2,2,6,0.0,0),
(848,71,2,2,6,0.0,0),
(849,72,2,2,6,111.0,1),
(850,73,2,2,6,49000.0,1),
(851,74,2,2,6,32200.0,1),
(852,75,2,2,6,82.9,1),
(853,76,2,2,6,78.2,1),
(854,77,2,2,6,0.0,0),
(855,78,2,2,6,0.0,0),
(856,79,2,2,6,0.0,0),
(857,80,2,2,6,0.0,0),
(858,81,2,2,6,0.0,0),
(859,82,2,2,6,0.0,0),
(860,83,2,2,6,141.0,1),
(861,84,2,2,6,77.4,1),
(862,85,2,2,6,0.0,0),
(863,86,2,2,6,181.0,1),
(864,87,2,2,6,130.0,1),
(865,88,2,2,6,0.0,0),
(866,89,2,2,6,0.0,0),
(867,90,2,2,6,39.5,1),
(868,91,2,2,6,192.0,1),
(869,92,2,2,6,21100.0,1),
(870,93,2,2,6,0.0,0),
(871,94,2,2,6,68.4,1),
(872,95,2,2,6,0.0,0),
(873,96,2,2,6,76.3,1),
(874,97,2,2,6,146.0,1),
(875,98,2,2,6,0.0,0),
(876,99,2,2,6,0.0,0),
(877,100,2,2,6,101.0,1),
(878,101,2,2,6,0.0,0),
(879,102,2,2,6,138.0,1),
(880,103,2,2,6,0.0,0),
(881,104,2,2,6,75.5,1),
(882,105,2,2,6,0.0,0),
(883,106,2,2,6,0.0,0),
(884,107,2,2,6,0.0,0),
(885,108,2,2,6,0.0,0),
(886,109,2,2,6,0.0,0),
(887,110,2,2,6,74.3,1),
(888,111,2,2,6,0.0,0),
(889,112,2,2,6,308000000.0,1),
(890,113,2,2,6,0.0,0),
(891,114,2,2,6,0.0,0),
(892,115,2,2,6,433.0,1),
(893,116,2,2,6,0.0,0),
(894,117,2,2,6,1080.0,1),
(895,118,2,2,6,0.0,0),
(896,119,2,2,6,0.0,0),
(897,120,2,2,6,0.0,0),
(898,121,2,2,6,35900.0,1),
(899,122,2,2,6,0.0,0),
(900,123,2,2,6,0.0,0),
(901,124,2,2,6,0.0,0),
(902,125,2,2,6,0.0,0),
(903,126,2,2,6,50800.0,1),
(904,127,2,2,6,291.0,1),
(905,128,2,2,6,153.0,1),
(906,129,2,2,6,14800.0,1),
(907,130,2,2,6,275.0,1),
(908,131,2,2,6,141.0,1),
(909,132,2,2,6,346.0,1),
(910,133,2,2,6,0.0,0),
(911,134,2,2,6,298.0,1),
(912,135,2,2,6,0.0,0),
(913,136,2,2,6,350.0,1),
(914,137,2,2,6,317.0,1),
(915,138,2,2,6,0.0,0),
(916,139,2,2,6,0.0,0),
(917,140,2,2,6,95.4,1),
(918,141,2,2,6,0.0,0),
(919,142,2,2,6,70.3,1),
(920,143,2,2,6,0.0,0),
(921,144,2,2,6,0.0,0),
(922,145,2,2,6,0.0,0),
(923,146,2,2,6,0.0,0),
(924,147,2,2,6,83.6,1),
(925,148,2,2,6,0.0,0),
(926,149,2,2,6,231.0,1),
(927,150,2,2,6,0.0,0),
(928,151,2,2,6,419.0,1),
(929,152,2,2,6,0.0,0),
(930,153,2,2,6,132.0,1),
(931,154,2,2,6,83.3,1),
(932,155,2,2,6,0.0,0),
(933,156,2,2,6,0.0,0),
(934,157,2,2,6,0.0,0),
(935,158,2,2,6,0.0,0),
(936,159,2,2,6,0.0,0),
(937,160,2,2,6,92.1,1),
(938,161,2,2,6,174.0,1),
(939,162,2,2,6,82.5,1),
(940,163,2,2,6,310.0,1),
(941,164,2,2,6,0.0,0),
(942,165,2,2,6,62100.0,1),
(943,166,2,2,6,1910.0,1),
(944,167,2,2,6,329.0,1),
(945,168,2,2,6,115.0,1),
(946,169,2,2,6,0.0,0),
(947,170,2,2,6,0.0,0),
(948,171,2,2,6,89.9,1),
(949,172,2,2,6,0.0,0),
(950,173,2,2,6,0.0,0),
(951,174,2,2,6,172.0,1),
(952,175,2,2,6,425.0,1),
(953,176,2,2,6,0.0,0),
(954,177,2,2,6,0.0,0),
(955,178,2,2,6,0.0,0),
(956,179,2,2,6,105.0,1),
(957,180,2,2,6,67300000.0,1),
(958,181,2,2,6,0.0,0),
(959,182,2,2,6,441.0,1),
(960,183,2,2,6,105.0,1),
(961,184,2,2,6,2240.0,1),
(962,185,2,2,6,0.0,0),
(963,186,2,2,6,259.0,1),
(964,187,2,2,6,195.0,1),
(965,188,2,2,6,0.0,0),
(966,189,2,2,6,0.0,0),
(967,190,2,2,6,161.0,1),
(968,191,2,2,6,0.0,0),
(969,192,2,2,6,908.0,1),
(970,193,2,2,6,506.0,1),
(971,194,2,2,6,0.0,0),
(972,195,2,2,6,204.0,1),
(973,196,2,2,6,109.0,1),
(974,197,2,2,6,115.0,1),
(975,198,2,2,6,0.0,0),
(976,199,2,2,6,1960.0,1),
(977,200,2,2,6,0.0,0),
(978,201,2,2,6,1560.0,1),
(979,202,2,2,6,6820.0,1),
(980,203,2,2,6,48.3,1),
(981,204,2,2,6,50.3,1),
(982,205,2,2,6,0.0,0),
(983,206,2,2,6,105.0,1),
(984,207,2,2,6,54.9,1),
(985,208,2,2,6,0.0,0),
(986,209,2,2,6,147.0,1),
(987,210,2,2,6,0.0,0),
(988,211,2,2,6,57.2,1),
(989,212,2,2,6,0.0,0),
(990,213,2,2,6,51.2,1),
(991,214,2,2,6,216.0,1),
(992,215,2,2,6,0.0,0),
(993,216,2,2,6,380.0,1),
(994,217,2,2,6,0.0,0),
(995,218,2,2,6,46.7,1),
(996,219,2,2,6,0.0,0),
(997,220,2,2,6,58.7,1),
(998,221,2,2,6,0.0,0),
(999,222,2,2,6,397.0,1),
(1000,223,2,2,6,433000000.0,1);
INSERT INTO mesure_virale (id_mesure,id_individu,id_essai,id_serotype,dpi,genome_copies,detectable) VALUES
(1001,224,2,2,6,114.0,1),
(1002,225,2,2,6,325.0,1),
(1003,226,2,2,6,0.0,0),
(1004,227,2,2,6,117.0,1),
(1005,228,2,2,6,0.0,0),
(1006,229,2,2,6,397000000.0,1),
(1007,230,2,2,6,0.0,0),
(1008,231,2,2,6,0.0,0),
(1009,232,2,2,6,159.0,1),
(1010,233,2,2,6,65.0,1),
(1011,234,2,2,6,17200000.0,1),
(1012,235,2,2,6,0.0,0),
(1013,236,2,2,6,0.0,0),
(1014,237,2,2,6,0.0,0),
(1015,238,2,2,6,257000000.0,1),
(1016,239,2,2,6,0.0,0),
(1017,240,2,2,6,0.0,0),
(1018,241,2,2,6,0.0,0),
(1019,242,2,2,6,338.0,1),
(1020,243,2,2,6,0.0,0),
(1021,244,2,2,6,0.0,0),
(1022,245,2,2,6,0.0,0),
(1023,246,2,2,6,49.7,1),
(1024,247,2,2,6,0.0,0),
(1025,248,2,2,6,1020.0,1),
(1026,249,2,2,6,1190.0,1),
(1027,250,2,2,6,33.9,1),
(1028,1,2,3,6,244.0,1),
(1029,2,2,3,6,0.0,0),
(1030,3,2,3,6,138.0,1),
(1031,4,2,3,6,0.0,0),
(1032,5,2,3,6,81.8,1),
(1033,6,2,3,6,0.0,0),
(1034,7,2,3,6,0.0,0),
(1035,8,2,3,6,0.0,0),
(1036,9,2,3,6,0.0,0),
(1037,10,2,3,6,18600.0,1),
(1038,11,2,3,6,238.0,1),
(1039,12,2,3,6,232.0,1),
(1040,13,2,3,6,0.0,0),
(1041,14,2,3,6,70.5,1),
(1042,15,2,3,6,200.0,1),
(1043,16,2,3,6,76.2,1),
(1044,17,2,3,6,203.0,1),
(1045,18,2,3,6,0.0,0),
(1046,19,2,3,6,0.0,0),
(1047,20,2,3,6,0.0,0),
(1048,21,2,3,6,1300.0,1),
(1049,22,2,3,6,2100.0,1),
(1050,23,2,3,6,0.0,0),
(1051,24,2,3,6,0.0,0),
(1052,25,2,3,6,0.0,0),
(1053,26,2,3,6,94.1,1),
(1054,27,2,3,6,0.0,0),
(1055,28,2,3,6,116.0,1),
(1056,29,2,3,6,96.1,1),
(1057,30,2,3,6,112.0,1),
(1058,31,2,3,6,105.0,1),
(1059,32,2,3,6,110.0,1),
(1060,33,2,3,6,297.0,1),
(1061,34,2,3,6,0.0,0),
(1062,35,2,3,6,87100.0,1),
(1063,36,2,3,6,0.0,0),
(1064,37,2,3,6,0.0,0),
(1065,38,2,3,6,95.1,1),
(1066,39,2,3,6,0.0,0),
(1067,40,2,3,6,0.0,0),
(1068,41,2,3,6,942.0,1),
(1069,42,2,3,6,134.0,1),
(1070,43,2,3,6,0.0,0),
(1071,44,2,3,6,0.0,0),
(1072,45,2,3,6,0.0,0),
(1073,46,2,3,6,57200.0,1),
(1074,47,2,3,6,189.0,1),
(1075,48,2,3,6,0.0,0),
(1076,49,2,3,6,233.0,1),
(1077,50,2,3,6,0.0,0),
(1078,51,2,3,6,479.0,1),
(1079,52,2,3,6,129.0,1),
(1080,53,2,3,6,503.0,1),
(1081,54,2,3,6,136.0,1),
(1082,55,2,3,6,1480.0,1),
(1083,56,2,3,6,0.0,0),
(1084,57,2,3,6,0.0,0),
(1085,58,2,3,6,584.0,1),
(1086,59,2,3,6,0.0,0),
(1087,60,2,3,6,0.0,0),
(1088,61,2,3,6,0.0,0),
(1089,62,2,3,6,118.0,1),
(1090,63,2,3,6,0.0,0),
(1091,64,2,3,6,0.0,0),
(1092,65,2,3,6,0.0,0),
(1093,66,2,3,6,23300000.0,1),
(1094,67,2,3,6,379.0,1),
(1095,68,2,3,6,0.0,0),
(1096,69,2,3,6,0.0,0),
(1097,70,2,3,6,0.0,0),
(1098,71,2,3,6,120.0,1),
(1099,72,2,3,6,132000.0,1),
(1100,73,2,3,6,0.0,0),
(1101,74,2,3,6,125.0,1),
(1102,75,2,3,6,0.0,0),
(1103,76,2,3,6,0.0,0),
(1104,77,2,3,6,137.0,1),
(1105,78,2,3,6,27000.0,1),
(1106,79,2,3,6,0.0,0),
(1107,80,2,3,6,0.0,0),
(1108,81,2,3,6,76600.0,1),
(1109,82,2,3,6,0.0,0),
(1110,83,2,3,6,0.0,0),
(1111,84,2,3,6,0.0,0),
(1112,85,2,3,6,0.0,0),
(1113,86,2,3,6,245.0,1),
(1114,87,2,3,6,0.0,0),
(1115,88,2,3,6,129.0,1),
(1116,89,2,3,6,1710.0,1),
(1117,90,2,3,6,119.0,1),
(1118,91,2,3,6,12200.0,1),
(1119,92,2,3,6,99.8,1),
(1120,93,2,3,6,0.0,0),
(1121,94,2,3,6,0.0,0),
(1122,95,2,3,6,401.0,1),
(1123,96,2,3,6,105.0,1),
(1124,97,2,3,6,116.0,1),
(1125,98,2,3,6,0.0,0),
(1126,99,2,3,6,487.0,1),
(1127,100,2,3,6,0.0,0),
(1128,101,2,3,6,46100.0,1),
(1129,102,2,3,6,17900.0,1),
(1130,103,2,3,6,0.0,0),
(1131,104,2,3,6,0.0,0),
(1132,105,2,3,6,0.0,0),
(1133,106,2,3,6,0.0,0),
(1134,107,2,3,6,77000.0,1),
(1135,108,2,3,6,29900.0,1),
(1136,109,2,3,6,0.0,0),
(1137,110,2,3,6,0.0,0),
(1138,111,2,3,6,0.0,0),
(1139,112,2,3,6,213.0,1),
(1140,113,2,3,6,0.0,0),
(1141,114,2,3,6,0.0,0),
(1142,115,2,3,6,0.0,0),
(1143,116,2,3,6,0.0,0),
(1144,117,2,3,6,0.0,0),
(1145,118,2,3,6,0.0,0),
(1146,119,2,3,6,93700000.0,1),
(1147,120,2,3,6,631.0,1),
(1148,121,2,3,6,0.0,0),
(1149,122,2,3,6,102.0,1),
(1150,123,2,3,6,386.0,1),
(1151,124,2,3,6,207.0,1),
(1152,125,2,3,6,0.0,0),
(1153,126,2,3,6,0.0,0),
(1154,127,2,3,6,0.0,0),
(1155,128,2,3,6,0.0,0),
(1156,129,2,3,6,118.0,1),
(1157,130,2,3,6,134.0,1),
(1158,131,2,3,6,0.0,0),
(1159,132,2,3,6,0.0,0),
(1160,133,2,3,6,114.0,1),
(1161,134,2,3,6,0.0,0),
(1162,135,2,3,6,49.4,1),
(1163,136,2,3,6,0.0,0),
(1164,137,2,3,6,0.0,0),
(1165,138,2,3,6,132.0,1),
(1166,139,2,3,6,0.0,0),
(1167,140,2,3,6,0.0,0),
(1168,141,2,3,6,953.0,1),
(1169,142,2,3,6,0.0,0),
(1170,143,2,3,6,2470.0,1),
(1171,144,2,3,6,128000000.0,1),
(1172,145,2,3,6,386.0,1),
(1173,146,2,3,6,126.0,1),
(1174,147,2,3,6,0.0,0),
(1175,148,2,3,6,0.0,0),
(1176,149,2,3,6,454.0,1),
(1177,150,2,3,6,227.0,1),
(1178,151,2,3,6,1920.0,1),
(1179,152,2,3,6,902.0,1),
(1180,153,2,3,6,12500.0,1),
(1181,154,2,3,6,0.0,0),
(1182,155,2,3,6,525.0,1),
(1183,156,2,3,6,123.0,1),
(1184,157,2,3,6,763.0,1),
(1185,158,2,3,6,0.0,0),
(1186,159,2,3,6,1260.0,1),
(1187,160,2,3,6,0.0,0),
(1188,161,2,3,6,0.0,0),
(1189,162,2,3,6,110.0,1),
(1190,163,2,3,6,0.0,0),
(1191,164,2,3,6,0.0,0),
(1192,165,2,3,6,0.0,0),
(1193,166,2,3,6,0.0,0),
(1194,167,2,3,6,51.0,1),
(1195,168,2,3,6,0.0,0),
(1196,169,2,3,6,34.0,1),
(1197,170,2,3,6,105.0,1),
(1198,171,2,3,6,0.0,0),
(1199,172,2,3,6,429.0,1),
(1200,173,2,3,6,935.0,1);
INSERT INTO mesure_virale (id_mesure,id_individu,id_essai,id_serotype,dpi,genome_copies,detectable) VALUES
(1201,174,2,3,6,269.0,1),
(1202,175,2,3,6,0.0,0),
(1203,176,2,3,6,0.0,0),
(1204,177,2,3,6,0.0,0),
(1205,178,2,3,6,0.0,0),
(1206,179,2,3,6,58.0,1),
(1207,180,2,3,6,45.6,1),
(1208,181,2,3,6,0.0,0),
(1209,182,2,3,6,51.8,1),
(1210,183,2,3,6,0.0,0),
(1211,184,2,3,6,184.0,1),
(1212,185,2,3,6,228.0,1),
(1213,186,2,3,6,0.0,0),
(1214,187,2,3,6,976000.0,1),
(1215,188,2,3,6,57.5,1),
(1216,189,2,3,6,459.0,1),
(1217,190,2,3,6,0.0,0),
(1218,191,2,3,6,200.0,1),
(1219,192,2,3,6,618.0,1),
(1220,193,2,3,6,808.0,1),
(1221,194,2,3,6,127.0,1),
(1222,195,2,3,6,0.0,0),
(1223,196,2,3,6,110.0,1),
(1224,197,2,3,6,102.0,1),
(1225,198,2,3,6,0.0,0),
(1226,199,2,3,6,0.0,0),
(1227,200,2,3,6,0.0,0),
(1228,201,2,3,6,0.0,0),
(1229,202,2,3,6,0.0,0),
(1230,203,2,3,6,379.0,1),
(1231,204,2,3,6,0.0,0),
(1232,205,2,3,6,0.0,0),
(1233,206,2,3,6,0.0,0),
(1234,207,2,3,6,0.0,0),
(1235,208,2,3,6,68800000.0,1),
(1236,209,2,3,6,56000000.0,1),
(1237,210,2,3,6,0.0,0),
(1238,211,2,3,6,930000.0,1),
(1239,212,2,3,6,178.0,1),
(1240,213,2,3,6,0.0,0),
(1241,214,2,3,6,305.0,1),
(1242,215,2,3,6,0.0,0),
(1243,216,2,3,6,55200.0,1),
(1244,217,2,3,6,0.0,0),
(1245,218,2,3,6,0.0,0),
(1246,219,2,3,6,0.0,0),
(1247,220,2,3,6,0.0,0),
(1248,221,2,3,6,69.6,1),
(1249,222,2,3,6,266.0,1);

-- 108 lignes dans image
INSERT INTO image (id_image,fichier,classe,severite,source,split) VALUES
(1,'healthy_train_0000.jpg','sain','healthy','stock','train'),
(2,'healthy_train_0001.jpg','sain','healthy','stock','train'),
(3,'healthy_train_0002.jpg','sain','healthy','stock','train'),
(4,'healthy_train_0003.jpg','sain','healthy','stock','train'),
(5,'healthy_train_0004.jpg','sain','healthy','stock','train'),
(6,'healthy_train_0005.jpg','sain','healthy','stock','train'),
(7,'healthy_train_0006.jpg','sain','healthy','stock','train'),
(8,'healthy_train_0007.jpg','sain','healthy','stock','train'),
(9,'healthy_train_0008.jpg','sain','healthy','stock','train'),
(10,'healthy_train_0009.jpg','sain','healthy','stock','train'),
(11,'healthy_train_0010.jpg','sain','healthy','stock','train'),
(12,'healthy_train_0011.jpg','sain','healthy','stock','train'),
(13,'healthy_train_0012.jpg','sain','healthy','stock','train'),
(14,'healthy_train_0013.jpg','sain','healthy','stock','train'),
(15,'healthy_train_0014.jpg','sain','healthy','stock','train'),
(16,'healthy_train_0015.jpg','sain','healthy','stock','train'),
(17,'mild_train_0001.png','malade','mild','pdf_clinique','train'),
(18,'mild_train_0002.png','malade','mild','pdf_clinique','train'),
(19,'mild_train_0004.png','malade','mild','pdf_clinique','train'),
(20,'mild_train_0005.png','malade','mild','pdf_clinique','train'),
(21,'mild_train_0007.png','malade','mild','pdf_clinique','train'),
(22,'mild_train_0009.png','malade','mild','pdf_clinique','train'),
(23,'mild_train_0012.png','malade','mild','pdf_clinique','train'),
(24,'mild_train_0013.png','malade','mild','pdf_clinique','train'),
(25,'mild_train_0014.png','malade','mild','pdf_clinique','train'),
(26,'mild_train_0016.png','malade','mild','pdf_clinique','train'),
(27,'mild_train_0018.png','malade','mild','pdf_clinique','train'),
(28,'mild_train_0019.png','malade','mild','pdf_clinique','train'),
(29,'mild_train_0020.png','malade','mild','pdf_clinique','train'),
(30,'mild_train_0026.png','malade','mild','pdf_clinique','train'),
(31,'mild_train_0027.png','malade','mild','pdf_clinique','train'),
(32,'mild_train_0028.png','malade','mild','pdf_clinique','train'),
(33,'mild_train_0031.png','malade','mild','pdf_clinique','train'),
(34,'mild_train_0033.png','malade','mild','pdf_clinique','train'),
(35,'mild_train_0034.png','malade','mild','pdf_clinique','train'),
(36,'mild_train_0036.png','malade','mild','pdf_clinique','train'),
(37,'mild_train_0038.png','malade','mild','pdf_clinique','train'),
(38,'mild_train_0040.png','malade','mild','pdf_clinique','train'),
(39,'mild_train_0041.png','malade','mild','pdf_clinique','train'),
(40,'mild_train_0042.png','malade','mild','pdf_clinique','train'),
(41,'mild_train_0043.png','malade','mild','pdf_clinique','train'),
(42,'mild_train_0044.png','malade','mild','pdf_clinique','train'),
(43,'mild_train_0045.png','malade','mild','pdf_clinique','train'),
(44,'mild_train_0046.png','malade','mild','pdf_clinique','train'),
(45,'mild_train_0047.png','malade','mild','pdf_clinique','train'),
(46,'mild_train_0048.png','malade','mild','pdf_clinique','train'),
(47,'mild_train_0050.png','malade','mild','pdf_clinique','train'),
(48,'mild_train_0054.png','malade','mild','pdf_clinique','train'),
(49,'mild_train_0056.png','malade','mild','pdf_clinique','train'),
(50,'mild_train_0060.png','malade','mild','pdf_clinique','train'),
(51,'mild_train_0061.png','malade','mild','pdf_clinique','train'),
(52,'mild_train_0063.png','malade','mild','pdf_clinique','train'),
(53,'mild_train_0065.png','malade','mild','pdf_clinique','train'),
(54,'mild_train_0066.png','malade','mild','pdf_clinique','train'),
(55,'mild_train_0067.png','malade','mild','pdf_clinique','train'),
(56,'mild_train_0068.png','malade','mild','pdf_clinique','train'),
(57,'mild_train_0070.png','malade','mild','pdf_clinique','train'),
(58,'moderate_train_0003.png','malade','moderate','pdf_clinique','train'),
(59,'severe_train_0000.png','malade','severe','pdf_clinique','train'),
(60,'severe_train_0001.png','malade','severe','pdf_clinique','train'),
(61,'severe_train_0002.png','malade','severe','pdf_clinique','train'),
(62,'severe_train_0003.png','malade','severe','pdf_clinique','train'),
(63,'severe_train_0004.png','malade','severe','pdf_clinique','train'),
(64,'severe_train_0005.png','malade','severe','pdf_clinique','train'),
(65,'severe_train_0006.png','malade','severe','pdf_clinique','train'),
(66,'severe_train_0007.png','malade','severe','pdf_clinique','train'),
(67,'severe_train_0008.png','malade','severe','pdf_clinique','train'),
(68,'severe_train_0009.png','malade','severe','pdf_clinique','train'),
(69,'severe_train_0010.png','malade','severe','pdf_clinique','train'),
(70,'severe_train_0011.png','malade','severe','pdf_clinique','train'),
(71,'severe_train_0012.png','malade','severe','pdf_clinique','train'),
(72,'severe_train_0013.png','malade','severe','pdf_clinique','train'),
(73,'severe_train_0014.png','malade','severe','pdf_clinique','train'),
(74,'severe_train_0015.png','malade','severe','pdf_clinique','train'),
(75,'healthy_val_0000.jpg','sain','healthy','stock','val'),
(76,'healthy_val_0001.jpg','sain','healthy','stock','val'),
(77,'healthy_val_0002.jpg','sain','healthy','stock','val'),
(78,'mild_val_0002.png','malade','mild','pdf_clinique','val'),
(79,'mild_val_0003.png','malade','mild','pdf_clinique','val'),
(80,'mild_val_0004.png','malade','mild','pdf_clinique','val'),
(81,'mild_val_0006.png','malade','mild','pdf_clinique','val'),
(82,'mild_val_0008.png','malade','mild','pdf_clinique','val'),
(83,'mild_val_0011.png','malade','mild','pdf_clinique','val'),
(84,'mild_val_0014.png','malade','mild','pdf_clinique','val'),
(85,'severe_val_0000.png','malade','severe','pdf_clinique','val'),
(86,'severe_val_0001.png','malade','severe','pdf_clinique','val'),
(87,'severe_val_0002.png','malade','severe','pdf_clinique','val'),
(88,'healthy_test_0000.jpg','sain','healthy','stock','test'),
(89,'healthy_test_0001.jpg','sain','healthy','stock','test'),
(90,'healthy_test_0002.jpg','sain','healthy','stock','test'),
(91,'healthy_test_0003.jpg','sain','healthy','stock','test'),
(92,'healthy_test_0004.jpg','sain','healthy','stock','test'),
(93,'mild_test_0001.png','malade','mild','pdf_clinique','test'),
(94,'mild_test_0002.png','malade','mild','pdf_clinique','test'),
(95,'mild_test_0005.png','malade','mild','pdf_clinique','test'),
(96,'mild_test_0006.png','malade','mild','pdf_clinique','test'),
(97,'mild_test_0007.png','malade','mild','pdf_clinique','test'),
(98,'mild_test_0010.png','malade','mild','pdf_clinique','test'),
(99,'mild_test_0011.png','malade','mild','pdf_clinique','test'),
(100,'mild_test_0012.png','malade','mild','pdf_clinique','test'),
(101,'mild_test_0013.png','malade','mild','pdf_clinique','test'),
(102,'mild_test_0015.png','malade','mild','pdf_clinique','test'),
(103,'moderate_test_0001.png','malade','moderate','pdf_clinique','test'),
(104,'severe_test_0000.png','malade','severe','pdf_clinique','test'),
(105,'severe_test_0001.png','malade','severe','pdf_clinique','test'),
(106,'severe_test_0002.png','malade','severe','pdf_clinique','test'),
(107,'severe_test_0003.png','malade','severe','pdf_clinique','test'),
(108,'severe_test_0004.png','malade','severe','pdf_clinique','test');

-- 4 lignes dans veterinaire
INSERT INTO veterinaire (id_vet,nom,clinique,type,ville,telephone,email) VALUES
(1,'Clinique Vétérinaire des Trois Vallées','Médecine des ruminants','Vétérinaire sanitaire','Clermont-Ferrand','04 65 71 18 22','troisvallees@exemple.fr'),
(2,'Cabinet Vétérinaire du Bocage','Vétérinaire rural','Vétérinaire traitant','Rennes','02 61 91 34 56','bocage@exemple.fr'),
(3,'Clinique Vétérinaire Saint-Roch','Élevage & filière ovine','Vétérinaire sanitaire','Toulouse','05 36 49 27 81','saintroch@exemple.fr'),
(4,'Service de Garde Vétérinaire','Urgences élevage 24/7','Urgences','Lyon','04 65 71 00 15',NULL);

CREATE INDEX idx_mesure_indiv    ON mesure_virale (id_individu, id_essai);
CREATE INDEX idx_mesure_sero_dpi ON mesure_virale (id_serotype, dpi);

SET FOREIGN_KEY_CHECKS = 1;
